County,City,% Democratic,% Republican,% American Independent,% Other,% No Party Preference,Unnamed: 7,DemAverage,DemStDev,DemOutlier,RepAve,RepStDev,RepOutlier,IndAve,IndStDev,IndeOutlier,OtherAve,OtherStDev,OtherOutlier,NoPrefAve,NoPrefStDev,NoPrefOutlier
Alameda,Alameda,61.9688127810198,10.48120156892758,2.50837080264039,2.431837749928253,22.60977709748398,,58.49,10.09315571,Normal,12.04,6.748194731,Normal,2.66,0.7814863931,Normal,2.47,0.4396709958,Normal,24.34,4.112304334,Normal
Alameda,Albany,70.71653673909438,5.100348316470393,1.642063360424614,2.239177309669923,20.30187427434069,,,,Normal,,,Normal,,,Normal,,,Normal,,,Normal
Alameda,Berkeley,73.92287849725511,3.039883590184536,1.55962695945499,2.730339308155298,18.74727164495006,,,,ðŸš©Outlier,,,Normal,,,Normal,,,Normal,,,Normal
Alameda,Dublin,47.78053116414372,16.85341808974842,3.094866131552012,1.81813284490654,30.4530517696493,,,,Normal,,,Normal,,,Normal,,,Normal,,,Normal
Alameda,Emeryville,67.9429849077697,5.352152040245947,2.459474566797093,2.669088876467303,21.57629960871996,,,,Normal,,,Normal,,,Normal,,,Normal,,,Normal
Alameda,Fremont,48.47797580266055,15.09076064097383,2.344684255234922,1.847376972116152,32.23920232901454,,,,Normal,,,Normal,,,Normal,,,Normal,,,ðŸš©Outlier
Alameda,Hayward,56.86231805147193,13.33381731944293,2.981354435127712,2.509467978269019,24.31304221568841,,,,Normal,,,Normal,,,Normal,,,Normal,,,Normal
Alameda,Livermore,43.63374013420952,26.93056569660304,4.540871318799764,2.491220750321624,22.40360210006606,,,,Normal,,,ðŸš©Outlier,,,ðŸš©Outlier,,,Normal,,,Normal
Alameda,Newark,52.58734216438143,15.95398559144783,2.966922302269734,1.8824076225889,26.60934231931211,,,,Normal,,,Normal,,,Normal,,,Normal,,,Normal
Alameda,Oakland,68.48955524395068,5.143877563249799,2.272718193330856,3.021768397671746,21.07208060179692,,,,Normal,,,Normal,,,Normal,,,Normal,,,Normal
Alameda,Piedmont,67.1414265049516,10.05897407366196,1.813730944697897,1.424279514854788,19.56158896183376,,,,Normal,,,Normal,,,Normal,,,ðŸš©Outlier,,,Normal
Alameda,Pleasanton,45.67671119395257,21.66097131614373,3.497980739360049,1.921921921921925,27.24241482862173,,,,Normal,,,Normal,,,Normal,,,Normal,,,Normal
Alameda,San Leandro,56.34571172505163,12.99341464365039,2.817285586252582,2.402291236410402,25.441296808635,,,,Normal,,,Normal,,,Normal,,,Normal,,,Normal
Alameda,Union City,54.10882438598195,13.86515872245413,2.536161537714785,2.011940588292397,27.47791476555674,,,,Normal,,,Normal,,,Normal,,,Normal,,,Normal
Alpine,Alpine,43.55,22.97,6.069999999999999,3.680000000000007,23.73,,43.55,,,22.97,,,6.07,,,3.68,,,23.73,,
Amador,Amador,53.79310344827586,32.41379310344827,2.068965517241379,0.6896551724138025,11.03448275862069,,25.49,12.80128076,ðŸš©Outlier,49.26,7.514584847,ðŸš©Outlier,6.11,1.92943089,ðŸš©Outlier,3.17,,ðŸš©Outlier,15.97,,ðŸš©Outlier
Amador,Ione,21.57116930256676,53.48716619134042,6.637282862328234,3.370495203526058,14.93388644023853,,,,Normal,,,Normal,,,Normal,,,ðŸš©Outlier,,,ðŸš©Outlier
Amador,Jackson,30.73524771221205,43.70463868728305,6.311139160618491,2.524455664247398,16.724518775639,,,,Normal,,,Normal,,,Normal,,,ðŸš©Outlier,,,ðŸš©Outlier
Amador,Plymouth,23.64341085271318,45.21963824289406,6.589147286821706,4.651162790697679,19.89664082687338,,,,Normal,,,Normal,,,Normal,,,ðŸš©Outlier,,,ðŸš©Outlier
Amador,Sutter Creek,31.25327739905611,42.99947561615102,5.243838489774514,2.98898793917148,17.51442055584688,,,,Normal,,,Normal,,,Normal,,,ðŸš©Outlier,,,ðŸš©Outlier
Butte,Biggs,25.98584428715874,49.44388270980789,5.055611729019211,3.235591506572298,16.27906976744186,,33.7,7.558934464,Normal,37.67,8.689916028,Normal,5.33,0.6458268525,Normal,4.64,1.037730716,Normal,18.66,1.808421543,Normal
Butte,Chico,42.63890968998053,27.66545188291482,4.770938378846122,5.549731249895995,19.37496879836254,,,,Normal,,,Normal,,,Normal,,,Normal,,,Normal
Butte,Gridley,34.10679340229242,38.02068772714565,5.116019010343863,3.047246295778589,19.70925356443948,,,,Normal,,,Normal,,,Normal,,,ðŸš©Outlier,,,Normal
Butte,Oroville,27.51460767946578,40.70325542570951,6.124791318864775,4.695325542570963,20.96202003338898,,,,Normal,,,Normal,,,Normal,,,Normal,,,Normal
Butte,Paradise,24.20260095824777,47.66598220396988,6.146475017111568,4.134154688569478,17.8507871321013,,,,Normal,,,Normal,,,Normal,,,Normal,,,Normal
Calaveras,Calaveras,25.99000384467513,47.36639753940792,6.382160707420223,4.344482891195689,15.91695501730104,,24.43,,,48.6,,,6.5,,,4.05,,,16.42,,
Colusa,Colusa,28.32157103405953,42.46701442160172,4.970849953973612,2.669530530837676,21.57103405952746,,30.37,9.578688025,Normal,40.98,14.43692881,Normal,4.13,1.227697043,Normal,2.39,0.1480638159,ðŸš©Outlier,22.13,6.234001646,Normal
Colusa,Williams,41.86788154897494,22.0501138952164,3.234624145785877,2.460136674259683,30.3872437357631,,,,Normal,,,Normal,,,Normal,,,Normal,,,Normal
Contra Costa,Antioch,53.62643306838159,17.55142517993178,4.240229591453428,2.987092993554008,21.59481916667919,,52.33,7.528149809,Normal,19.31,6.794795897,Normal,3.89,0.9089522845,Normal,2.62,0.4833343145,Normal,21.85,2.226591459,Normal
Contra Costa,Brentwood,43.25037880527113,28.58717112815097,5.112723265531017,2.555213738004497,20.49451306304238,,,,Normal,,,Normal,,,Normal,,,Normal,,,Normal
Contra Costa,Clayton,42.37327456211577,30.28650968565131,5.103816262614546,2.261918570931446,19.97448091868693,,,,Normal,,,ðŸš©Outlier,,,Normal,,,Normal,,,Normal
Contra Costa,Concord,50.87932328262501,20.56211201309776,4.349546353775837,2.910157582372602,21.29886076812879,,,,Normal,,,Normal,,,Normal,,,Normal,,,Normal
Contra Costa,Danville,41.79319652771387,29.76289070887396,4.499861967424312,1.923253887917546,22.02079690807031,,,,Normal,,,ðŸš©Outlier,,,Normal,,,Normal,,,Normal
Contra Costa,El Cerrito,69.69542860371814,6.368311013166074,1.746058654009154,2.723625473244056,19.46657625586257,,,,ðŸš©Outlier,,,ðŸš©Outlier,,,ðŸš©Outlier,,,Normal,,,Normal
Contra Costa,Hercules,59.66463240746022,13.22648719557406,3.165459419380597,2.235783950265215,21.70763702731991,,,,Normal,,,Normal,,,Normal,,,Normal,,,Normal
Contra Costa,Lafayette,55.38573508005823,17.98710750675816,3.561031399459347,2.053441463921803,21.01268454980245,,,,Normal,,,Normal,,,Normal,,,Normal,,,Normal
Contra Costa,Martinez,51.83045048469873,21.41417981372363,4.6607108914655,3.124881201292528,18.96977760881962,,,,Normal,,,Normal,,,Normal,,,Normal,,,Normal
Contra Costa,Moraga,52.43713399931106,18.23975198070961,3.548053737512918,1.894591801584564,23.88046848088185,,,,Normal,,,Normal,,,Normal,,,ðŸš©Outlier,,,Normal
Contra Costa,Oakley,45.0770847932726,26.08269096005606,4.800280308339173,2.722494744218647,21.31744919411353,,,,Normal,,,Normal,,,Normal,,,Normal,,,Normal
Contra Costa,Orinda,55.89911562397641,16.79659351457583,3.026531280707501,1.958729118899441,22.31903046184081,,,,Normal,,,Normal,,,Normal,,,Normal,,,Normal
Contra Costa,Pinole,58.19705147828888,15.34681382421655,3.270764521066623,2.561830339160561,20.62353983726738,,,,Normal,,,Normal,,,Normal,,,Normal,,,Normal
Contra Costa,Pittsburg,56.32995254041292,14.78956370907514,3.596810330289816,2.842756992459474,22.44091642776265,,,,Normal,,,Normal,,,Normal,,,Normal,,,Normal
Contra Costa,Pleasant Hill,53.53369533190217,18.66818200951299,4.394494254325041,2.512943553478976,20.89068485078082,,,,Normal,,,Normal,,,Normal,,,Normal,,,Normal
Contra Costa,Richmond,64.71153846153847,8.14102564102564,2.562415654520918,3.302968960863691,21.28205128205128,,,,ðŸš©Outlier,,,ðŸš©Outlier,,,Normal,,,Normal,,,Normal
Contra Costa,San Pablo,60.94491748926229,9.419033983874614,2.878456785472082,3.420993142943267,23.33659859844774,,,,Normal,,,Normal,,,Normal,,,ðŸš©Outlier,,,Normal
Contra Costa,San Ramon,46.37740244612696,19.00019413706076,3.236264802950883,1.943311978256656,29.44282663560474,,,,Normal,,,Normal,,,Normal,,,Normal,,,ðŸš©Outlier
Contra Costa,Walnut Creek,54.46179587283881,19.13194167795395,3.583379810373676,2.20699545852921,20.61588718030436,,,,Normal,,,Normal,,,Normal,,,Normal,,,Normal
Del Norte,Crescent City,34.19062027231467,33.78719112455875,6.354009077155824,3.630862329803328,22.03731719616742,,28.96,,,41.42,,,5.94,,,3.08,,,20.6,,
El Dorado,Placerville,35.26710546456452,37.13454768100413,5.816623297106995,3.643043012398607,18.13868054492576,,29.9,5.105269359,Normal,42.19,10.26716232,Normal,5.84,0.1088116284,Normal,3.6,0.8340999693,Normal,18.47,4.21898136,Normal
El Dorado,South Lake Tahoe,42.48704663212435,22.6145874850538,5.970506177760064,4.82263850139498,24.1052212036668,,,,ðŸš©Outlier,,,ðŸš©Outlier,,,Normal,,,Normal,,,Normal
Fresno,Clovis,28.96315338474722,44.59834503574672,4.853623911291869,3.523513537709906,18.06136413050429,,37.36,9.51308599,Normal,33.16,11.68855044,Normal,4.35,0.8849710423,Normal,4.2,0.3906159083,ðŸš©Outlier,20.93,3.026738026,Normal
Fresno,Coalinga,33.32263242375602,34.91171749598716,4.63884430176565,4.237560192616368,22.8892455858748,,,,Normal,,,Normal,,,Normal,,,Normal,,,Normal
Fresno,Firebaugh,47.93696275071633,18.71060171919771,2.922636103151862,4.326647564469909,26.10315186246418,,,,Normal,,,Normal,,,ðŸš©Outlier,,,Normal,,,ðŸš©Outlier
Fresno,Fowler,38.95866636218314,30.78328385476136,4.247545101621375,4.11052751769811,21.89997716373601,,,,Normal,,,Normal,,,Normal,,,Normal,,,Normal
Fresno,Fresno,40.92851889876727,27.88287205924114,4.347335386676569,4.652424328476666,22.18884932683836,,,,Normal,,,Normal,,,Normal,,,Normal,,,Normal
Fresno,Huron,52.53623188405797,13.55072463768116,3.188405797101449,4.565217391304351,26.15942028985507,,,,ðŸš©Outlier,,,ðŸš©Outlier,,,Normal,,,Normal,,,ðŸš©Outlier
Fresno,Kerman,40.49820236260914,27.19568567026194,4.481253210066769,3.466872110939907,24.35798664612224,,,,Normal,,,Normal,,,Normal,,,ðŸš©Outlier,,,Normal
Fresno,Kingsburg,23.16313823163138,52.44084682440847,4.122042341220424,3.362391033623904,16.91158156911582,,,,Normal,,,ðŸš©Outlier,,,Normal,,,ðŸš©Outlier,,,Normal
Fresno,Mendota,53.82079712316452,16.93137548696434,2.247527719508541,4.195385076415938,22.80491459394666,,,,ðŸš©Outlier,,,Normal,,,ðŸš©Outlier,,,Normal,,,Normal
Fresno,Orange Cove,48.90741805635423,16.7625071880391,2.61644623346751,4.370327774583092,27.34330074755606,,,,Normal,,,Normal,,,ðŸš©Outlier,,,Normal,,,ðŸš©Outlier
Fresno,Parlier,52.1079258010118,15.57054525014053,2.641933670601462,4.365748547873341,25.31384673037287,,,,ðŸš©Outlier,,,ðŸš©Outlier,,,ðŸš©Outlier,,,Normal,,,Normal
Fresno,Reedley,36.97556866048863,32.69587194608256,4.195450716090986,3.883740522325191,22.24936815501264,,,,Normal,,,Normal,,,Normal,,,Normal,,,Normal
Fresno,San Joaquin,55.92760180995475,10.76923076923077,2.352941176470588,4.343891402714927,26.60633484162896,,,,ðŸš©Outlier,,,ðŸš©Outlier,,,ðŸš©Outlier,,,Normal,,,ðŸš©Outlier
Fresno,Sanger,44.71975520561236,26.71841182177774,3.761474736920666,4.037614747369211,20.76274348832002,,,,Normal,,,Normal,,,Normal,,,Normal,,,Normal
Fresno,Selma,42.95700803914715,27.32436211114995,3.504019573575673,4.037049982523602,22.17756029360363,,,,Normal,,,Normal,,,Normal,,,Normal,,,Normal
Glenn,Orland,34.07407407407408,39.33862433862434,4.550264550264551,2.645502645502642,19.39153439153439,,26.59,5.959945089,Normal,47.87,4.410909293,ðŸš©Outlier,4.64,0.5309949565,Normal,2.5,0.1009701785,Normal,18.4,0.9170706613,Normal
Glenn,Willows,25.64543889845094,45.57659208261618,5.301204819277109,2.788296041308087,20.68846815834767,,,,Normal,,,Normal,,,Normal,,,ðŸš©Outlier,,,ðŸš©Outlier
Humboldt,Arcata,58.48841292134831,9.348665730337078,3.607794943820225,6.908356741573041,21.64676966292135,,45.45,11.81802133,Normal,24.77,12.58701445,Normal,4.41,0.6857048751,Normal,5.44,1.366381852,Normal,19.93,1.243933679,Normal
Humboldt,Blue Lake,51.50060024009604,19.44777911164466,4.201680672268908,5.282112845138055,19.56782713085234,,,,Normal,,,Normal,,,Normal,,,Normal,,,Normal
Humboldt,Eureka,48.0696300901461,20.9947155735157,4.351880634131178,5.949642524090766,20.63413117811626,,,,Normal,,,Normal,,,Normal,,,Normal,,,Normal
Humboldt,Ferndale,37.87878787878788,37.87878787878788,3.977272727272727,2.651515151515159,17.61363636363636,,,,Normal,,,Normal,,,Normal,,,ðŸš©Outlier,,,ðŸš©Outlier
Humboldt,Fortuna,32.67594218560043,38.05214102390922,4.957449682561125,4.282047818451979,20.03241928947724,,,,Normal,,,Normal,,,Normal,,,Normal,,,Normal
Humboldt,Rio Dell,27.37603305785124,41.32231404958678,5.681818181818182,5.26859504132231,20.35123966942148,,,,ðŸš©Outlier,,,Normal,,,ðŸš©Outlier,,,Normal,,,Normal
Humboldt,Trinidad,54.6875,16.796875,4.6875,4.296875,19.53125,,,,Normal,,,Normal,,,Normal,,,Normal,,,Normal
Imperial,Brawley,43.19423368740516,26.34294385432473,3.831562974203338,3.239757207890744,23.39150227617602,,44.33,4.533389076,Normal,24.3,5.250140697,Normal,3.1,0.7990966156,Normal,3.14,0.3325090137,Normal,25.13,1.712309933,Normal
Imperial,Calexico,51.11171860761801,14.84873336978312,2.114087843994897,3.289593584836883,28.63586659376708,,,,Normal,,,ðŸš©Outlier,,,Normal,,,Normal,,,ðŸš©Outlier
Imperial,Calipatria,42.51812788398154,24.25840474620962,4.021094264996703,2.570863546473298,26.63150955833883,,,,Normal,,,Normal,,,Normal,,,ðŸš©Outlier,,,Normal
Imperial,El Centro,45.09962190407409,24.11317388164323,3.113981052721016,3.147967203364626,24.52525595819704,,,,Normal,,,Normal,,,Normal,,,Normal,,,Normal
Imperial,Holtville,42.60634706279541,25.52329507089804,2.667116812964213,3.443619176232275,25.75962187711006,,,,Normal,,,Normal,,,Normal,,,Normal,,,Normal
Imperial,Imperial,37.63003901170351,31.7295188556567,3.202210663198959,2.917750325097533,24.5204811443433,,,,Normal,,,Normal,,,Normal,,,Normal,,,Normal
Imperial,Westmorland,49.27710843373494,20.24096385542169,1.927710843373494,2.650602409638559,25.90361445783132,,,,Normal,,,Normal,,,Normal,,,Normal,,,Normal
Inyo,Bishop,39.54968184043074,31.08174253548703,4.796867351933432,4.845814977973571,19.72589329417523,,33.66,,,38.8,,,5.17,,,3.72,,,18.65,,
Kern,Arvin,51.84613007878881,15.92769967557547,3.04341109222926,3.831299243009429,25.35145991039703,,33.04,14.08913864,Normal,37.74,16.00267057,Normal,4.69,1.56593093,Normal,3.79,0.3776446319,Normal,20.74,3.38173432,Normal
Kern,Bakersfield,34.79610365215525,35.98039303380234,4.479100512536115,3.64142150504934,21.10298129645697,,,,Normal,,,Normal,,,Normal,,,Normal,,,Normal
Kern,California City,34.2869045965838,32.52326065824191,6.165810304124427,4.693792528815443,22.33023191223441,,,,Normal,,,Normal,,,Normal,,,ðŸš©Outlier,,,Normal
Kern,Delano,49.47855069347382,19.69680679496828,3.182453499623696,3.7146543382432,23.927534673691,,,,Normal,,,Normal,,,Normal,,,Normal,,,Normal
Kern,Maricopa,11.68316831683168,64.15841584158416,6.732673267326733,3.366336633663366,14.05940594059406,,,,ðŸš©Outlier,,,ðŸš©Outlier,,,Normal,,,Normal,,,ðŸš©Outlier
Kern,McFarland,48.73832704152593,20.1271607391218,2.4637393204848,3.715477846214981,24.95529505265249,,,,Normal,,,Normal,,,Normal,,,Normal,,,Normal
Kern,Ridgecrest,23.72450487732781,45.06059710316288,5.799586166124741,4.262488915164052,21.15282293822051,,,,Normal,,,Normal,,,Normal,,,Normal,,,Normal
Kern,Shafter,36.39880088966251,34.70650807465429,3.781065660961222,3.471617831931148,21.64200754279083,,,,Normal,,,Normal,,,Normal,,,Normal,,,Normal
Kern,Taft,14.70008448324416,58.63137144466347,5.406927626020839,3.745423824274859,17.51619262179668,,,,Normal,,,Normal,,,Normal,,,Normal,,,Normal
Kern,Tehachapi,21.3556338028169,47.72887323943662,6.795774647887325,4.066901408450704,20.05281690140845,,,,Normal,,,Normal,,,Normal,,,Normal,,,Normal
Kern,Wasco,42.32274401473297,25.82872928176795,3.602670349907919,4.028545119705342,24.21731123388582,,,,Normal,,,Normal,,,Normal,,,Normal,,,Normal
Kings,Avenal,43.00666032350143,23.02568981921979,2.949571836346337,3.948620361560415,27.06945765937203,,30.74,7.571466315,ðŸš©Outlier,42.07,9.79572051,ðŸš©Outlier,4.43,0.7986400968,ðŸš©Outlier,3.45,0.2175807809,ðŸš©Outlier,19.31,3.58930482,ðŸš©Outlier
Kings,Corcoran,42.62766722608487,28.74610405178614,3.692160153440422,3.620234955646136,21.31383361304243,,,,ðŸš©Outlier,,,Normal,,,Normal,,,Normal,,,Normal
Kings,Hanford,30.81201741867018,42.37567241190032,4.647418304241226,3.513009111867383,18.65188275332089,,,,Normal,,,Normal,,,Normal,,,Normal,,,Normal
Kings,Lemoore,28.76045757213591,42.35103295202322,4.550110978316544,3.46593819361448,20.87246030390985,,,,Normal,,,Normal,,,Normal,,,Normal,,,Normal
Lake,Clearlake,37.69690385659968,27.33568712656165,6.07007061379685,4.766431287343831,24.13090711569799,,36.09,0.643115231,ðŸš©Outlier,32.87,4.144468292,Normal,6.24,0.3279359027,Normal,4.19,0.6533041592,Normal,20.61,2.520112999,Normal
Lake,Lakeport,36.78740157480315,33.19685039370079,5.606299212598425,3.842519685039374,20.56692913385827,,,,Normal,,,Normal,,,ðŸš©Outlier,,,Normal,,,Normal
Lassen,Susanville,17.99621928166352,52.98676748582231,6.65406427221172,3.894139886578454,18.46880907372401,,15.98,,,57.85,,,6.51,,,3.23,,,16.43,,
Los Angeles,Agoura Hills,44.50416202398899,27.07609621812938,4.35865504358655,2.700399816477685,21.36068689781739,,51.62,9.010276524,Normal,18.73,8.450619274,Normal,3.3,0.7504988082,Normal,3.45,2.561937068,Normal,22.9,4.191916323,Normal
Los Angeles,Alhambra,49.68404423380727,17.21104991247171,2.632253106186756,3.01225396012126,27.46039878741301,,,,Normal,,,Normal,,,Normal,,,Normal,,,Normal
Los Angeles,Arcadia,35.84369767998087,24.80865821573786,2.242286534321932,2.445587180100453,34.65977038985888,,,,ðŸš©Outlier,,,Normal,,,Normal,,,Normal,,,ðŸš©Outlier
Los Angeles,Artesia,45.74562375360071,22.67892754265455,2.481719477066253,3.301573232882781,25.7921559937957,,,,Normal,,,Normal,,,Normal,,,Normal,,,Normal
Los Angeles,Avalon,44.36936936936937,27.53378378378378,3.828828828828828,2.984234234234233,21.28378378378378,,,,Normal,,,Normal,,,Normal,,,Normal,,,Normal
Los Angeles,Azusa,47.31404140770357,21.75289972685167,3.899291397806896,4.109100985709201,22.92466648192866,,,,Normal,,,Normal,,,Normal,,,Normal,,,Normal
Los Angeles,Baldwin Park,52.68834911486208,15.83916563743653,2.566213805406889,3.902840675174968,25.00343076711953,,,,Normal,,,Normal,,,Normal,,,Normal,,,Normal
Los Angeles,Bell,58.2715887482788,13.15323585338666,2.275260638646646,3.59320700281949,22.7067077568684,,,,Normal,,,Normal,,,Normal,,,Normal,,,Normal
Los Angeles,Bell Gardens,58.01095000300825,11.81036038746164,2.454725949100536,3.910715360086634,23.81324830034294,,,,Normal,,,Normal,,,Normal,,,Normal,,,Normal
Los Angeles,Bellflower,49.65010414960096,20.5818335010649,3.704917265429354,3.711938586842042,22.35120649706275,,,,Normal,,,Normal,,,Normal,,,Normal,,,Normal
Los Angeles,Beverly Hills,39.8425473897172,28.67132867132867,3.452522320446848,2.599287504947874,25.4343141135594,,,,Normal,,,Normal,,,Normal,,,Normal,,,Normal
Los Angeles,Bradbury,32.58426966292135,36.75762439807384,2.568218298555377,1.926163723916538,26.16372391653291,,,,ðŸš©Outlier,,,ðŸš©Outlier,,,Normal,,,Normal,,,Normal
Los Angeles,Burbank,49.24843160095998,21.64320500764902,3.521354086258439,2.884170046736191,22.70283925839637,,,,Normal,,,Normal,,,Normal,,,Normal,,,Normal
Los Angeles,Calabasas,44.50150522401275,26.01381264388171,4.226432914231745,2.797945811935548,22.46030340593826,,,,Normal,,,Normal,,,Normal,,,Normal,,,Normal
Los Angeles,Carson,56.42262713319906,15.26222930035755,3.155495183224819,3.07274345402595,22.08690492919262,,,,Normal,,,Normal,,,Normal,,,Normal,,,Normal
Los Angeles,Cerritos,42.11418723593507,25.24460751612186,2.640649321770069,2.159773182121409,27.84078274405159,,,,Normal,,,Normal,,,Normal,,,Normal,,,Normal
Los Angeles,Claremont,49.54799646806543,23.57566328890384,3.943993608880293,3.018963124921161,19.91338350922928,,,,Normal,,,Normal,,,Normal,,,Normal,,,Normal
Los Angeles,Commerce,60.77795786061589,12.9119394921664,2.404105888708806,3.430578065910318,20.47541869259859,,,,Normal,,,Normal,,,Normal,,,Normal,,,Normal
Los Angeles,Compton,62.18833260428679,8.193820336421838,2.964568338171551,4.942935539030504,21.71034318208931,,,,Normal,,,Normal,,,Normal,,,Normal,,,Normal
Los Angeles,Covina,44.80015335953225,26.53439407009809,3.894693121185981,3.754113549953672,21.01664589923001,,,,Normal,,,Normal,,,Normal,,,Normal,,,Normal
Los Angeles,Cudahy,59.00521887314943,11.08744275215678,2.332516774949409,3.674512727660026,23.90030887208436,,,,Normal,,,Normal,,,Normal,,,Normal,,,Normal
Los Angeles,Culver City,63.97341364627687,10.90109737944404,2.679405961158999,2.475161837504768,19.97092117561533,,,,Normal,,,Normal,,,Normal,,,Normal,,,Normal
Los Angeles,Diamond Bar,37.20479838126897,27.83350195114901,2.867466396878162,2.587079057667285,29.50715421303657,,,,ðŸš©Outlier,,,Normal,,,Normal,,,Normal,,,ðŸš©Outlier
Los Angeles,Downey,49.72472957851548,22.93024990675121,3.462886982469228,3.021260723610588,20.86087280865349,,,,Normal,,,Normal,,,Normal,,,Normal,,,Normal
Los Angeles,Duarte,48.1824094818241,22.08571222085712,3.30273903302739,3.55568403555684,22.87345522873455,,,,Normal,,,Normal,,,Normal,,,Normal,,,Normal
Los Angeles,El Monte,49.20059550779986,16.51239562431225,2.891233521047748,3.786652857790145,27.60912248904999,,,,Normal,,,Normal,,,Normal,,,Normal,,,Normal
Los Angeles,El Segundo,43.98379795091732,25.48645858152649,4.360257326661901,2.986260027003414,23.18322611389087,,,,Normal,,,Normal,,,Normal,,,Normal,,,Normal
Los Angeles,Gardena,56.60955717335376,15.49345886474355,3.081723137555421,3.418358968744876,21.39690185560239,,,,Normal,,,Normal,,,Normal,,,Normal,,,Normal
Los Angeles,Glendale,41.10734423580249,24.70269985420436,2.995836919671872,3.009011224507724,28.18510776581356,,,,Normal,,,Normal,,,Normal,,,Normal,,,Normal
Los Angeles,Glendora,34.50388481996157,37.68971567016625,4.335960344203403,3.247096828093238,20.22334233757554,,,,ðŸš©Outlier,,,ðŸš©Outlier,,,Normal,,,Normal,,,Normal
Los Angeles,Hawaiian Gardens,51.95830701200252,16.67719519898926,2.953253316487682,3.33228048010108,25.07896399241946,,,,Normal,,,Normal,,,Normal,,,Normal,,,Normal
Los Angeles,Hawthorne,57.00029417754746,13.19273155167342,3.245004638953633,4.016654974994914,22.54531465683058,,,,Normal,,,Normal,,,Normal,,,Normal,,,Normal
Los Angeles,Hermosa Beach,44.71891557145806,23.3193421867474,4.417532512213583,3.344113397096262,24.20009633248469,,,,Normal,,,Normal,,,Normal,,,Normal,,,Normal
Los Angeles,Hidden Hills,38.57457751653196,32.47612049963262,4.188096987509184,2.204261572373259,22.55694342395298,,,,Normal,,,ðŸš©Outlier,,,Normal,,,Normal,,,Normal
Los Angeles,Huntington Park,59.97224336302995,11.44289743474952,2.38169852710749,3.5277790213547,22.67538165375834,,,,Normal,,,Normal,,,Normal,,,Normal,,,Normal
Los Angeles,Industry,32.0,35.0,5.0,6.0,22.0,,,,ðŸš©Outlier,,,ðŸš©Outlier,,,ðŸš©Outlier,,,Normal,,,Normal
Los Angeles,Inglewood,65.71335917352565,6.955232638942508,3.100823077041865,4.442762944546534,19.78782216594345,,,,ðŸš©Outlier,,,Normal,,,Normal,,,Normal,,,Normal
Los Angeles,Irwindale,57.21107927411653,17.38299904489016,4.202483285577841,3.629417382999041,17.57402101241643,,,,Normal,,,Normal,,,Normal,,,Normal,,,Normal
Los Angeles,La Canada-Flintridge,39.054079756546,31.05306536486401,2.821276865529703,2.066823052050974,25.00475496100932,,,,Normal,,,Normal,,,Normal,,,Normal,,,Normal
Los Angeles,La Habra Heights,28.13633067440174,43.41310128112158,4.326806864877931,3.142373700749342,20.98138747884941,,,,ðŸš©Outlier,,,ðŸš©Outlier,,,Normal,,,Normal,,,Normal
Los Angeles,La Mirada,38.93980678721823,33.59858806044092,3.981917265296012,2.712410205598221,20.76727768144662,,,,Normal,,,ðŸš©Outlier,,,Normal,,,Normal,,,Normal
Los Angeles,La Puente,54.14498610760293,16.22631977772165,2.869411467542308,3.536246526900729,23.22303612023238,,,,Normal,,,Normal,,,Normal,,,Normal,,,Normal
Los Angeles,La Verne,35.85212536814805,38.55114510527935,4.343048046067959,3.006725570354739,18.2469559101499,,,,ðŸš©Outlier,,,ðŸš©Outlier,,,Normal,,,Normal,,,Normal
Los Angeles,Lakewood,44.97667458850454,27.34090308951676,4.228501012234839,2.999735938737789,20.45418537100607,,,,Normal,,,Normal,,,Normal,,,Normal,,,Normal
Los Angeles,Lancaster,42.39716772632527,26.4876245142504,4.770034879701689,3.763446491604778,22.58172638811786,,,,Normal,,,Normal,,,ðŸš©Outlier,,,Normal,,,Normal
Los Angeles,Lawndale,52.06216739235607,17.00532172230286,3.519593613933237,3.785679729075952,23.62723754233188,,,,Normal,,,Normal,,,Normal,,,Normal,,,Normal
Los Angeles,Lomita,42.73359073359073,28.02316602316602,3.992277992277992,3.43629343629344,21.81467181467182,,,,Normal,,,Normal,,,Normal,,,Normal,,,Normal
Los Angeles,Long Beach,52.35134663740353,17.83913024519993,3.835700062499091,4.088966730134729,21.88485632476272,,,,Normal,,,Normal,,,Normal,,,Normal,,,Normal
Los Angeles,Los Angeles,55.95690814330165,14.64922233306928,3.103910364554916,3.593864501268147,22.696094657806,,,,Normal,,,Normal,,,Normal,,,Normal,,,Normal
Los Angeles,Lynwood,59.63089630251016,10.86661934567981,2.510163257404659,4.110472994773186,22.88184809963219,,,,Normal,,,Normal,,,Normal,,,Normal,,,Normal
Los Angeles,Malibu,45.57431568176004,23.49705807111793,4.783832182143771,3.376822716807368,22.76797134817089,,,,Normal,,,Normal,,,ðŸš©Outlier,,,Normal,,,Normal
Los Angeles,Manhattan Beach,42.59162499066955,28.05478838545944,3.85160856908263,2.425916249906692,23.07606180488169,,,,Normal,,,Normal,,,Normal,,,Normal,,,Normal
Los Angeles,Maywood,59.4254772393539,11.30690161527166,2.404552129221733,3.634361233480174,23.22870778267254,,,,Normal,,,Normal,,,Normal,,,Normal,,,Normal
Los Angeles,Monrovia,46.15511551155115,24.11716171617162,4.005775577557756,4.212046204620467,21.50990099009901,,,,Normal,,,Normal,,,Normal,,,Normal,,,Normal
Los Angeles,Montebello,55.07502206531333,17.29332156516622,2.83907031479847,3.250956163577527,21.54162989114445,,,,Normal,,,Normal,,,Normal,,,Normal,,,Normal
Los Angeles,Monterey Park,45.82535663558328,17.96455258445007,2.340517507564997,3.010560118569749,30.8590131538319,,,,Normal,,,Normal,,,Normal,,,Normal,,,ðŸš©Outlier
Los Angeles,Norwalk,51.98469145837566,19.29147192305087,3.027839869945133,3.176861071597919,22.51913567703041,,,,Normal,,,Normal,,,Normal,,,Normal,,,Normal
Los Angeles,Palmdale,46.07554389887351,23.49621635566256,4.237251698340356,3.363358844268642,22.82762920285493,,,,Normal,,,Normal,,,Normal,,,Normal,,,Normal
Los Angeles,Palos Verdes Estates,33.28750801942994,36.66941618550087,3.79433599120154,1.970488497846208,24.27825130602145,,,,ðŸš©Outlier,,,ðŸš©Outlier,,,Normal,,,Normal,,,Normal
Los Angeles,Paramount,56.52538496722062,13.75590791279159,2.839609696600091,3.937338008842808,22.9417594145449,,,,Normal,,,Normal,,,Normal,,,Normal,,,Normal
Los Angeles,Pasadena,56.73861861068937,15.92954430435452,2.903381961405593,3.170726340572539,21.25772878297797,,,,Normal,,,Normal,,,Normal,,,Normal,,,Normal
Los Angeles,Pico Rivera,58.60791319306603,16.32923117639275,2.90062193992325,2.842397776895591,19.31983591372238,,,,Normal,,,Normal,,,Normal,,,Normal,,,Normal
Los Angeles,Pomona,49.16224052549201,18.5333435968491,3.471634208298052,5.059913273291762,23.77286839606908,,,,Normal,,,Normal,,,Normal,,,Normal,,,Normal
Los Angeles,Rancho Palos Verdes,38.36459649463828,32.19295687951534,3.495642595652314,2.329348495156648,23.61745553503742,,,,Normal,,,ðŸš©Outlier,,,Normal,,,Normal,,,Normal
Los Angeles,Redondo Beach,46.07238141789373,23.7143846357508,4.132298731186737,2.906254455102747,23.17468076006599,,,,Normal,,,Normal,,,Normal,,,Normal,,,Normal
Los Angeles,Rolling Hills,26.16201859229747,46.54714475431607,3.585657370517929,2.722443559096956,20.98273572377158,,,,ðŸš©Outlier,,,ðŸš©Outlier,,,Normal,,,Normal,,,Normal
Los Angeles,Rolling Hills Estates,34.9768875192604,36.16332819722651,3.389830508474576,2.080123266563941,23.38983050847458,,,,ðŸš©Outlier,,,ðŸš©Outlier,,,Normal,,,Normal,,,Normal
Los Angeles,Rosemead,45.46083136744489,17.26185634100708,2.643781013584967,3.843650858211983,30.78988041975107,,,,Normal,,,Normal,,,Normal,,,Normal,,,ðŸš©Outlier
Los Angeles,San Dimas,35.76992715482758,36.92787064718515,4.370710345698766,3.107499263126869,19.82399258916165,,,,ðŸš©Outlier,,,ðŸš©Outlier,,,Normal,,,Normal,,,Normal
Los Angeles,San Fernando,56.19206085096268,14.96711829490532,2.844465573250931,3.454559860549882,22.54179542033119,,,,Normal,,,Normal,,,Normal,,,Normal,,,Normal
Los Angeles,San Gabriel,44.31360858548219,19.75455855318726,2.449446017787052,2.827048243652811,30.65533859989069,,,,Normal,,,Normal,,,Normal,,,Normal,,,ðŸš©Outlier
Los Angeles,San Marino,33.30818965517241,28.99784482758621,2.047413793103448,2.036637931034491,33.60991379310344,,,,ðŸš©Outlier,,,Normal,,,ðŸš©Outlier,,,Normal,,,ðŸš©Outlier
Los Angeles,Santa Clarita,37.86675174829728,34.1110054825561,4.501295758507077,2.835692612223106,20.68525439841644,,,,ðŸš©Outlier,,,ðŸš©Outlier,,,ðŸš©Outlier,,,Normal,,,Normal
Los Angeles,Santa Fe Springs,52.70842332613391,20.82937365010799,3.421166306695465,3.248380129589634,19.792656587473,,,,Normal,,,Normal,,,Normal,,,Normal,,,Normal
Los Angeles,Santa Monica,59.86310608560892,11.83687526008409,3.329076324814533,2.92442135774656,22.0465209717459,,,,Normal,,,Normal,,,Normal,,,Normal,,,Normal
Los Angeles,Sierra Madre,47.93226586798756,24.91648427600507,3.835963598663748,3.19087662711669,20.12440963022693,,,,Normal,,,Normal,,,Normal,,,Normal,,,Normal
Los Angeles,Signal Hill,52.41084546547349,16.86924001602778,4.100440763990918,26.33808201975492,0.2813917347528982,,,,Normal,,,Normal,,,Normal,,,ðŸš©Outlier,,,ðŸš©Outlier
Los Angeles,South El Monte,53.76471859133629,15.27492708220806,2.862698498433618,3.381225018904612,24.71643080911742,,,,Normal,,,Normal,,,Normal,,,Normal,,,Normal
Los Angeles,South Gate,58.76937984496124,13.30047185709471,2.369817997977755,3.338810246039767,22.22152005392653,,,,Normal,,,Normal,,,Normal,,,Normal,,,Normal
Los Angeles,South Pasadena,57.46024710510278,14.3664468945648,2.531996232478253,2.720372319796105,22.92093744805807,,,,Normal,,,Normal,,,Normal,,,Normal,,,Normal
Los Angeles,Temple City,38.8817265912238,23.0005252351621,2.506804182781837,2.759872033615061,32.85107195721721,,,,Normal,,,Normal,,,Normal,,,Normal,,,ðŸš©Outlier
Los Angeles,Torrance,42.14415799058878,28.76843556893666,3.612897792468919,2.642299958944349,22.8322086890613,,,,Normal,,,Normal,,,Normal,,,Normal,,,Normal
Los Angeles,Vernon,46.42857142857143,22.32142857142857,4.464285714285714,2.678571428571423,24.10714285714286,,,,Normal,,,Normal,,,ðŸš©Outlier,,,Normal,,,Normal
Los Angeles,Walnut,38.17113665389527,25.32311621966794,2.375478927203065,2.242656449553003,31.88761174968072,,,,Normal,,,Normal,,,Normal,,,Normal,,,ðŸš©Outlier
Los Angeles,West Covina,46.297933044921,23.14431471057977,3.319843078879223,3.553984276875845,23.68392488874417,,,,Normal,,,Normal,,,Normal,,,Normal,,,Normal
Los Angeles,West Hollywood,64.45347450044736,9.987324783775724,2.963763793617656,2.851923650462272,19.74351327169699,,,,Normal,,,Normal,,,Normal,,,Normal,,,Normal
Los Angeles,Westlake Village,39.6320548799501,32.81883380106018,4.73963205487995,2.432179607109457,20.37729965700031,,,,Normal,,,ðŸš©Outlier,,,ðŸš©Outlier,,,Normal,,,Normal
Los Angeles,Whittier,47.06098392766575,26.75282883576138,3.84406862659368,2.966123926616412,19.37599468336277,,,,Normal,,,Normal,,,Normal,,,Normal,,,Normal
Madera,Chowchilla,28.97011982405582,41.51372667981192,4.838465038677385,3.609889276505385,21.06779918094949,,31.37,7.439586138,Normal,39.78,9.756175351,Normal,4.71,0.5334805439,Normal,3.86,0.3644773885,Normal,20.28,2.485592369,Normal
Madera,Madera,39.49128343853322,27.71641118124436,4.084009618274722,4.125338142470689,24.58295761947701,,,,Normal,,,Normal,,,Normal,,,Normal,,,ðŸš©Outlier
Marin,Belvedere,49.10659272951325,20.51756007393715,3.943314849044979,1.848428835489837,24.58410351201479,,61.96,7.242279788,ðŸš©Outlier,12.72,4.741033473,ðŸš©Outlier,3.43,0.49146627,Normal,2.77,0.4653335391,ðŸš©Outlier,19.12,2.681924566,ðŸš©Outlier
Marin,Corte Madera,63.4284139451564,11.63015019980708,2.755959762987461,2.535482981948466,19.64999311010059,,,,Normal,,,Normal,,,Normal,,,Normal,,,Normal
Marin,Fairfax,70.98901098901099,5.579036348267118,2.992392223161454,3.584108199492814,16.85545224006762,,,,Normal,,,ðŸš©Outlier,,,Normal,,,ðŸš©Outlier,,,Normal
Marin,Larkspur,63.27471584816642,12.03088140681964,3.24898134248338,2.541282436199872,18.90413896633069,,,,Normal,,,Normal,,,Normal,,,Normal,,,Normal
Marin,Mill Valley,68.52091817845243,7.052943354313217,2.989633469085524,2.230655312847087,19.20584968530174,,,,Normal,,,Normal,,,Normal,,,Normal,,,Normal
Marin,Novato,55.98649467578565,17.49054915880299,4.152598620610048,2.998297405708019,19.3720601390933,,,,Normal,,,Normal,,,Normal,,,Normal,,,Normal
Marin,Ross,51.84331797235023,17.10829493087558,4.147465437788019,2.649769585253452,24.25115207373272,,,,Normal,,,Normal,,,Normal,,,Normal,,,ðŸš©Outlier
Marin,San Anselmo,69.5521459672403,8.200290275761974,3.224134356209828,2.622848849263946,16.40058055152395,,,,Normal,,,Normal,,,Normal,,,Normal,,,Normal
Marin,San Rafael,62.25606283161965,12.42543241703888,3.189544051080668,2.946731017116825,19.18222968314398,,,,Normal,,,Normal,,,Normal,,,Normal,,,Normal
Marin,Sausalito,62.10619469026548,10.69026548672566,3.805309734513274,2.761061946902661,20.63716814159292,,,,Normal,,,Normal,,,Normal,,,Normal,,,Normal
Marin,Tiburon,55.43926886792453,16.27358490566038,3.508254716981132,2.166863207547166,22.61202830188679,,,,Normal,,,Normal,,,Normal,,,Normal,,,Normal
Mariposa,Mariposa,26.75,47.31,5.63,3.539999999999999,16.77,,26.75,,,47.31,,,5.63,,,3.54,,,16.77,,
Mendocino,Fort Bragg,52.53067484662577,17.71472392638037,5.44478527607362,3.62985685071574,20.6799591002045,,46.95,5.820773216,Normal,23.38,6.914358047,Normal,4.92,1.147774844,Normal,3.98,1.150949854,Normal,20.77,2.093971449,Normal
Mendocino,Point Arena,55.8922558922559,9.427609427609427,3.03030303030303,6.060606060606059,25.58922558922559,,,,ðŸš©Outlier,,,ðŸš©Outlier,,,ðŸš©Outlier,,,ðŸš©Outlier,,,ðŸš©Outlier
Mendocino,Ukiah,46.23655913978494,23.45430107526882,4.670698924731183,3.640232974910393,21.99820788530466,,,,Normal,,,Normal,,,Normal,,,Normal,,,Normal
Mendocino,Willits,43.09978768577495,24.52229299363057,5.484784147204529,4.70629865534324,22.18683651804671,,,,Normal,,,Normal,,,Normal,,,Normal,,,Normal
Merced,Atwater,37.25940089228808,32.13511790949649,4.964945825366476,2.848948374760997,22.79158699808795,,40.12,4.919973159,Normal,30.43,5.919426457,Normal,4.33,0.7286097462,Normal,2.98,0.4178002264,Normal,22.14,2.104670079,Normal
Merced,Dos Palos,39.84048613748576,30.68742878845423,3.608051652107862,3.228256741359665,22.63577668059248,,,,Normal,,,Normal,,,Normal,,,Normal,,,Normal
Merced,Gustine,37.92623521224774,33.54210160055672,4.76687543493389,2.435629784272784,21.32915796798887,,,,Normal,,,Normal,,,Normal,,,Normal,,,Normal
Merced,Livingston,49.73198332340679,17.62954139368672,3.067301965455628,2.412150089338883,27.15902322811197,,,,ðŸš©Outlier,,,ðŸš©Outlier,,,ðŸš©Outlier,,,Normal,,,ðŸš©Outlier
Merced,Los Banos,46.15661566156616,24.54995499549955,4.450945094509451,3.204320432043204,21.63816381638164,,,,Normal,,,Normal,,,Normal,,,Normal,,,Normal
Merced,Merced,42.87979110323604,26.54107992166371,4.429730485871492,3.366595169262332,22.78280331996643,,,,Normal,,,Normal,,,Normal,,,Normal,,,Normal
Modoc,Alturas,20.36919159770846,50.73201782304265,8.338637810311903,2.991725015913428,17.56842775302355,,18.36,,,56.65,,,6.67,,,2.7,,,15.62,,
Mono,Mammoth Lakes,43.7992125984252,22.81003937007874,4.601377952755906,4.084645669291337,24.70472440944882,,39.44,,,29.78,,,5.03,,,3.54,,,22.21,,
Monterey,Carmel-by-the-Sea,47.7906976744186,25.85271317829457,3.914728682170543,2.36434108527132,20.07751937984496,,50.46,3.636231478,Normal,21.22,3.929944193,Normal,3.6,0.8388203344,Normal,3.13,0.4051224668,ðŸš©Outlier,21.59,2.003627081,Normal
Monterey,Del Rey Oaks,47.8441127694859,25.37313432835821,4.72636815920398,2.985074626865675,19.07131011608623,,,,Normal,,,Normal,,,Normal,,,Normal,,,Normal
Monterey,Gonzales,55.80286168521462,16.77265500794913,2.729199788023317,2.835188129305781,21.86009538950715,,,,Normal,,,Normal,,,Normal,,,Normal,,,Normal
Monterey,Greenfield,56.71015843429637,14.42994718856788,2.562907735321528,2.920161540851193,23.37682510096303,,,,ðŸš©Outlier,,,ðŸš©Outlier,,,Normal,,,Normal,,,Normal
Monterey,King City,46.87289845326161,21.34050661286707,3.721138758125981,3.586639766868409,24.47881640887693,,,,Normal,,,Normal,,,Normal,,,Normal,,,Normal
Monterey,Marina,49.70990776554597,19.27253793513835,3.97947039571556,3.272835465635225,23.76524843796489,,,,Normal,,,Normal,,,Normal,,,Normal,,,Normal
Monterey,Monterey,52.44325442706749,19.44258504229295,4.357086350635916,3.705957524493396,20.05111665551025,,,,Normal,,,Normal,,,Normal,,,Normal,,,Normal
Monterey,Pacific Grove,56.0135836241864,16.99839637770022,3.78266201301764,2.792189416092818,20.41316856900292,,,,ðŸš©Outlier,,,Normal,,,Normal,,,Normal,,,Normal
Monterey,Salinas,53.11138101021648,18.34107308709009,2.877759519897121,3.134957490890901,22.53482889190541,,,,Normal,,,Normal,,,Normal,,,Normal,,,Normal
Monterey,Sand City,47.32510288065843,25.92592592592592,4.938271604938271,3.292181069958851,18.51851851851852,,,,Normal,,,Normal,,,ðŸš©Outlier,,,Normal,,,ðŸš©Outlier
Monterey,Seaside,51.55433646812957,17.72466039707419,4.120950888192267,3.735632183908049,22.86442006269592,,,,Normal,,,Normal,,,Normal,,,Normal,,,Normal
Monterey,Soledad,54.12582630499202,16.69705949395943,2.473216320948256,3.202644175974473,23.50125370412583,,,,Normal,,,Normal,,,Normal,,,Normal,,,Normal
Napa,American Canyon,52.25499929088072,17.75634661750107,3.198127925117004,3.226492696071485,23.56403347042973,,50.13,2.264160702,Normal,22.34,3.216045702,Normal,4.12,0.4103556868,ðŸš©Outlier,3.31,0.3371973204,Normal,20.1,2.026853557,ðŸš©Outlier
Napa,Calistoga,56.789224608664,16.12668365489625,3.785948307244266,2.803057881325081,20.4950855478704,,,,ðŸš©Outlier,,,ðŸš©Outlier,,,Normal,,,ðŸš©Outlier,,,Normal
Napa,Napa,51.25638490690394,21.5871642774757,4.34997528423134,3.330449826989618,19.47602570439941,,,,Normal,,,Normal,,,Normal,,,Normal,,,Normal
Napa,St. Helena,53.12589209249214,20.32543534113617,3.796745646588638,2.769055095632318,19.98287182415073,,,,Normal,,,Normal,,,Normal,,,ðŸš©Outlier,,,Normal
Napa,Yountville,51.40562248995983,24.32587492828457,3.671830177854274,2.52438324727482,18.07228915662651,,,,Normal,,,Normal,,,Normal,,,ðŸš©Outlier,,,Normal
Nevada,Grass Valley,41.48664343786295,29.80255516840883,5.516840882694541,6.840882694541225,16.35307781649245,,39.06,7.331457726,Normal,32.88,7.34462958,Normal,5.37,0.7608417493,Normal,6.8,0.6964641425,Normal,15.89,1.75368041,Normal
Nevada,Nevada City,55.56900726392252,16.62631154156578,3.995157384987893,7.707828894269571,16.10169491525424,,,,ðŸš©Outlier,,,ðŸš©Outlier,,,ðŸš©Outlier,,,Normal,,,Normal
Nevada,Truckee,52.0656338497418,17.5912043978011,4.755955355655505,6.330168249208725,19.25703814759287,,,,ðŸš©Outlier,,,ðŸš©Outlier,,,Normal,,,Normal,,,ðŸš©Outlier
Orange,Aliso Viejo,36.26111144705811,33.33736469734534,4.644131341839511,2.297877486847678,23.45951502690935,,36.41,5.714055419,Normal,34.32,6.680825847,Normal,3.91,0.7213413984,Normal,2.27,0.3793006439,Normal,23.09,2.25341298,Normal
Orange,Anaheim,42.40224160814965,28.57539903120782,3.441821420063301,2.460550646050528,23.11998729452871,,,,Normal,,,Normal,,,Normal,,,Normal,,,Normal
Orange,Brea,34.13359464314878,38.06630736567042,3.684468397844194,1.910828025477709,22.20480156785889,,,,Normal,,,Normal,,,Normal,,,Normal,,,Normal
Orange,Buena Park,40.31640335988162,29.77542760151456,3.222788005396701,2.186969578273928,24.49841145493319,,,,Normal,,,Normal,,,Normal,,,Normal,,,Normal
Orange,Costa Mesa,36.15810326394566,33.56549902521854,4.631784164517954,2.925916609018309,22.71869693729954,,,,Normal,,,Normal,,,Normal,,,ðŸš©Outlier,,,Normal
Orange,Cypress,36.10173166878349,34.22446640438648,3.794801895852049,2.094111087017129,23.78488894396084,,,,Normal,,,Normal,,,Normal,,,Normal,,,Normal
Orange,Dana Point,29.97540983606558,42.05327868852459,5.446721311475409,2.479508196721305,20.04508196721311,,,,Normal,,,Normal,,,ðŸš©Outlier,,,Normal,,,Normal
Orange,Fountain Valley,31.95704972516937,38.98504410072862,3.681452128339512,2.035024926498789,23.34142911926371,,,,Normal,,,Normal,,,Normal,,,Normal,,,Normal
Orange,Fullerton,39.63144993409951,31.34646416121602,3.436680093122944,2.446324969513316,23.13908084204821,,,,Normal,,,Normal,,,Normal,,,Normal,,,Normal
Orange,Garden Grove,36.57827977136601,32.7371867072285,3.197928399246308,2.444236255118472,25.0423688670407,,,,Normal,,,Normal,,,Normal,,,Normal,,,Normal
Orange,Huntington Beach,30.35281090413713,41.54106171094712,4.778937706255601,2.484173411331039,20.84301626732911,,,,Normal,,,Normal,,,Normal,,,Normal,,,Normal
Orange,Irvine,39.58775218270606,25.63446455877275,3.07305282888571,1.904626843585056,29.80010358605042,,,,Normal,,,Normal,,,Normal,,,Normal,,,ðŸš©Outlier
Orange,La Habra,40.93060160389923,31.99013857009266,3.913400776445918,2.289665334806877,20.87619371475531,,,,Normal,,,Normal,,,Normal,,,Normal,,,Normal
Orange,La Palma,39.17669285075072,32.58426966292135,2.973053594511286,1.511385104902057,23.75459878691459,,,,Normal,,,Normal,,,Normal,,,ðŸš©Outlier,,,Normal
Orange,Laguna Beach,42.36515434472152,28.55651982862792,5.141162254201912,2.554103042952867,21.38306052949577,,,,Normal,,,Normal,,,ðŸš©Outlier,,,Normal,,,Normal
Orange,Laguna Hills,33.72531726199226,36.83668969572248,4.287324219706992,2.253907589788817,22.89676123278945,,,,Normal,,,Normal,,,Normal,,,Normal,,,Normal
Orange,Laguna Niguel,32.77737963385236,38.002475731318,5.29676200403935,2.269420374834414,21.65396225595587,,,,Normal,,,Normal,,,ðŸš©Outlier,,,Normal,,,Normal
Orange,Laguna Woods,41.08923714544748,34.28959979277295,3.924362129257868,0.9843284548633591,19.71247247765833,,,,Normal,,,Normal,,,Normal,,,ðŸš©Outlier,,,Normal
Orange,Lake Forest,34.6985825183264,35.89632751571477,4.162389005961708,2.292826137857759,22.94987482213937,,,,Normal,,,Normal,,,Normal,,,Normal,,,Normal
Orange,Los Alamitos,35.50225284919162,36.25761993108932,4.704479194275113,2.517890272992322,21.01775775245163,,,,Normal,,,Normal,,,Normal,,,Normal,,,Normal
Orange,Mission Viejo,33.08720843856782,39.02540484326252,4.525330560095083,2.051701084534248,21.31035507354034,,,,Normal,,,Normal,,,Normal,,,Normal,,,Normal
Orange,Newport Beach,25.0048828125,47.81901041666667,4.490559895833333,1.819661458333332,20.86588541666666,,,,ðŸš©Outlier,,,ðŸš©Outlier,,,Normal,,,Normal,,,Normal
Orange,Orange,36.42512314063763,35.46450363908153,4.153699120248977,2.471389712549325,21.48528438748254,,,,Normal,,,Normal,,,Normal,,,Normal,,,Normal
Orange,Placentia,35.23477734019994,36.60708876098152,3.901847924871251,2.053923053620117,22.20236292032717,,,,Normal,,,Normal,,,Normal,,,Normal,,,Normal
Orange,Rancho Santa Margarita,31.27312295973885,40.30778796828851,4.495569718638271,2.160733716772899,21.76278563656148,,,,Normal,,,Normal,,,Normal,,,Normal,,,Normal
Orange,San Clemente,27.77152016635619,44.69306415977126,5.313434129012693,2.350214443529868,19.87176710132998,,,,ðŸš©Outlier,,,ðŸš©Outlier,,,ðŸš©Outlier,,,Normal,,,Normal
Orange,San Juan Capistrano,31.39904273793892,40.67940192299547,4.951501546020586,2.291499004616892,20.67855478842814,,,,Normal,,,Normal,,,Normal,,,Normal,,,Normal
Orange,Santa Ana,50.16775082044069,20.63481598687295,2.83271800281294,2.736023206751057,23.62869198312236,,,,ðŸš©Outlier,,,ðŸš©Outlier,,,Normal,,,Normal,,,Normal
Orange,Seal Beach,36.31743750320825,40.21867460602638,4.20409629895796,1.683691802268878,17.57609978953852,,,,Normal,,,Normal,,,Normal,,,ðŸš©Outlier,,,ðŸš©Outlier
Orange,Stanton,42.18800128328521,27.69757245214415,3.138701743129077,2.459629986097745,24.51609453534381,,,,Normal,,,Normal,,,Normal,,,Normal,,,Normal
Orange,Tustin,40.14086122645622,28.18371607515658,3.64312097088715,2.390511367546857,25.6417903599532,,,,Normal,,,Normal,,,Normal,,,Normal,,,Normal
Orange,Villa Park,22.27608008429926,52.07586933614331,3.68809272918862,1.791359325605892,20.16859852476291,,,,ðŸš©Outlier,,,ðŸš©Outlier,,,Normal,,,Normal,,,Normal
Orange,Westminster,32.80161149825783,35.74332171893148,3.418989547038327,2.419062137049934,25.61701509872242,,,,Normal,,,Normal,,,Normal,,,Normal,,,Normal
Orange,Yorba Linda,25.95752441940583,47.99983787946338,3.880760345316743,1.665788513759981,20.49608884205407,,,,ðŸš©Outlier,,,ðŸš©Outlier,,,Normal,,,ðŸš©Outlier,,,Normal
Placer,Auburn,34.28262790926053,37.3170971226554,5.155651576156339,4.114700972208592,19.12992241971914,,31.13,4.921404488,Normal,41.14,4.86056741,Normal,4.94,0.8688723012,Normal,3.55,0.6387508934,Normal,19.24,1.478943972,Normal
Placer,Colfax,25.28830313014827,41.26853377265239,7.084019769357496,4.942339373970334,21.4168039538715,,,,Normal,,,Normal,,,ðŸš©Outlier,,,ðŸš©Outlier,,,Normal
Placer,Lincoln,31.19006762894923,42.85858483900273,5.135257898455638,3.252750580397699,17.56333905319471,,,,Normal,,,Normal,,,Normal,,,Normal,,,Normal
Placer,Loomis,21.95121951219512,50.73170731707317,5.248780487804878,4.21463414634146,17.85365853658536,,,,ðŸš©Outlier,,,ðŸš©Outlier,,,Normal,,,Normal,,,Normal
Placer,Rocklin,31.20414328873544,40.48543888854635,4.82972645251454,3.534948722691489,19.94574264751218,,,,Normal,,,Normal,,,Normal,,,Normal,,,Normal
Placer,Roseville,33.72045736118861,37.91009769522494,4.714527554214702,3.393324947747722,20.26159244162403,,,,Normal,,,Normal,,,Normal,,,Normal,,,Normal
Plumas,Portola,28.72503840245776,41.70506912442396,6.912442396313365,3.993855606758832,18.66359447004608,,27.34,,,45.2,,,6.36,,,3.04,,,18.06,,
Riverside,Banning,37.21386180584994,33.85968630775753,5.484315387876219,3.37007206443408,20.07206443408224,,38.28,10.40470045,Normal,32.42,11.10746604,Normal,4.6,0.840111326,Normal,3.33,0.5498832411,Normal,21.37,2.959338931,Normal
Riverside,Beaumont,35.73764132121481,35.64065617379739,4.985036577255597,2.928951452006199,20.707714475726,,,,Normal,,,Normal,,,Normal,,,Normal,,,Normal
Riverside,Blythe,32.66939356215543,36.24399786590788,4.961764182820558,3.236706384492258,22.88813800462387,,,,Normal,,,Normal,,,Normal,,,Normal,,,Normal
Riverside,Calimesa,26.110550227158,47.57698132256436,6.18374558303887,2.94043412417971,17.18828874305906,,,,Normal,,,Normal,,,ðŸš©Outlier,,,Normal,,,Normal
Riverside,Canyon Lake,15.94715734843123,61.41778721396556,5.119131870724227,2.630337343713137,14.88558622316584,,,,ðŸš©Outlier,,,ðŸš©Outlier,,,Normal,,,Normal,,,ðŸš©Outlier
Riverside,Cathedral City,52.80593583446546,20.04040826279305,3.925871738600342,2.922632110635039,20.30515205350611,,,,Normal,,,Normal,,,Normal,,,Normal,,,Normal
Riverside,Coachella,55.46303023528755,14.44699044319007,2.844687866763539,3.112949198010391,24.13234225674845,,,,ðŸš©Outlier,,,ðŸš©Outlier,,,ðŸš©Outlier,,,Normal,,,Normal
Riverside,Corona,35.96335441393052,35.03855150307545,4.249328597418349,3.283375205752414,21.46539027982327,,,,Normal,,,Normal,,,Normal,,,Normal,,,Normal
Riverside,Desert Hot Springs,44.30769230769231,23.33675213675214,5.073504273504273,3.651282051282053,23.63076923076923,,,,Normal,,,Normal,,,Normal,,,Normal,,,Normal
Riverside,Eastvale,37.58985200845666,31.74729511254819,3.539360776022883,2.6613605272976,24.46213157567467,,,,Normal,,,Normal,,,Normal,,,Normal,,,Normal
Riverside,Hemet,36.83987317486924,33.09570450552336,5.422380192661106,3.293818284629516,21.34822384231678,,,,Normal,,,Normal,,,Normal,,,Normal,,,Normal
Riverside,Indian Wells,27.24292101341282,49.8360655737705,5.573770491803279,1.907600596125171,15.43964232488823,,,,Normal,,,ðŸš©Outlier,,,Normal,,,ðŸš©Outlier,,,ðŸš©Outlier
Riverside,Indio,44.59080897290593,28.34505912794303,4.274747129140559,2.690161024741776,20.0992237452687,,,,Normal,,,Normal,,,Normal,,,Normal,,,Normal
Riverside,Jurupa Valley,41.83784174743238,27.67611745985824,3.802618255460726,3.683277882250824,23.00014465499783,,,,Normal,,,Normal,,,Normal,,,Normal,,,Normal
Riverside,La Quinta,36.11579649315498,37.16706546895226,5.495626250343231,2.741929157023502,18.47958263052602,,,,Normal,,,Normal,,,Normal,,,Normal,,,Normal
Riverside,Lake Elsinore,35.66644256866114,33.3657030452429,4.716018027439556,3.371429994273051,22.88040636438336,,,,Normal,,,Normal,,,Normal,,,Normal,,,Normal
Riverside,Menifee,32.55328822443904,38.95054959749672,5.165681581129149,3.364445989676664,19.96603460725843,,,,Normal,,,Normal,,,Normal,,,Normal,,,Normal
Riverside,Moreno Valley,47.30613288526865,21.90890163275742,3.756803155933813,3.865471015816201,23.16269131022391,,,,Normal,,,Normal,,,Normal,,,Normal,,,Normal
Riverside,Murrieta,28.81860891486192,41.23266872923112,5.707860662312364,3.241377334708375,20.99948435888621,,,,Normal,,,Normal,,,Normal,,,Normal,,,Normal
Riverside,Norco,22.07041179461108,53.63497712252161,4.397559735638028,3.272750381291296,16.62430096593798,,,,ðŸš©Outlier,,,ðŸš©Outlier,,,Normal,,,Normal,,,ðŸš©Outlier
Riverside,Palm Desert,38.83403018711265,34.73000622720399,5.236782018207158,2.745900424042937,18.45328114343327,,,,Normal,,,Normal,,,Normal,,,Normal,,,Normal
Riverside,Palm Springs,63.97363021761797,14.69173589855706,3.773838754162322,2.206451178904173,15.35434395075847,,,,ðŸš©Outlier,,,ðŸš©Outlier,,,Normal,,,ðŸš©Outlier,,,ðŸš©Outlier
Riverside,Perris,48.99899253442175,19.24517578982718,3.260055281444551,3.474464622458729,25.02131177184779,,,,Normal,,,Normal,,,ðŸš©Outlier,,,Normal,,,Normal
Riverside,Rancho Mirage,46.87523167024983,30.1801467862703,4.833568092519831,1.78664096671362,16.32441248424642,,,,Normal,,,Normal,,,Normal,,,ðŸš©Outlier,,,ðŸš©Outlier
Riverside,Riverside,41.3679971574085,28.67641833471515,4.130640767499704,3.786568755181811,22.03837498519484,,,,Normal,,,Normal,,,Normal,,,Normal,,,Normal
Riverside,San Jacinto,39.32519947046406,28.53411571075888,4.476009875129701,3.892804751511676,23.77187019213568,,,,Normal,,,Normal,,,Normal,,,Normal,,,Normal
Riverside,Temecula,30.4959351880503,39.06860952488115,5.672452108357478,3.362963796449971,21.40003938226111,,,,Normal,,,Normal,,,Normal,,,Normal,,,Normal
Riverside,Wildomar,27.5205058099795,41.87884483937115,5.412679425837321,3.738038277511958,21.44993164730007,,,,Normal,,,Normal,,,Normal,,,Normal,,,Normal
Sacramento,Citrus Heights,33.65990338164251,37.09178743961353,5.758454106280193,3.897584541062791,19.59227053140097,,44.55,7.546465921,Normal,25.82,7.889797983,Normal,4.56,0.6333309103,ðŸš©Outlier,3.35,0.9067303723,Normal,21.72,1.349592518,ðŸš©Outlier
Sacramento,Elk Grove,45.71503865073787,24.62754743499649,4.271784961349262,2.590477863668312,22.79515108924807,,,,Normal,,,Normal,,,Normal,,,Normal,,,Normal
Sacramento,Folsom,35.54639861044384,34.0736908237555,5.014967293691563,2.880742082116853,22.48420118999224,,,,Normal,,,Normal,,,Normal,,,Normal,,,Normal
Sacramento,Galt,33.26239762687818,38.58902431160121,5.287934481202037,3.146965886373895,19.71367769394467,,,,Normal,,,ðŸš©Outlier,,,Normal,,,Normal,,,Normal
Sacramento,Isleton,40.05102040816326,27.29591836734694,5.357142857142857,5.357142857142865,21.93877551020408,,,,Normal,,,Normal,,,Normal,,,ðŸš©Outlier,,,Normal
Sacramento,Rancho Cordova,40.80998928469899,28.46552515908942,4.937785650243828,3.492313411620636,22.29438649434713,,,,Normal,,,Normal,,,Normal,,,Normal,,,Normal
Sacramento,Sacramento,54.30202741022438,15.9840785495336,3.94522130329041,3.438977631336307,22.3296951056153,,,,Normal,,,Normal,,,Normal,,,Normal,,,Normal
San Benito,Hollister,49.85868448098664,23.92942788626242,3.965399109284001,2.809181226447414,19.43730729701953,,45.96,1.480012918,ðŸš©Outlier,28.64,1.062197786,ðŸš©Outlier,4.18,0.3576949863,Normal,2.68,0.07119428693,ðŸš©Outlier,18.54,0.8467044049,Normal
San Benito,San Juan Bautista,51.95173882185947,22.42725337118524,4.471256210078069,2.909865152590495,18.23988644428673,,,,ðŸš©Outlier,,,ðŸš©Outlier,,,Normal,,,ðŸš©Outlier,,,Normal
San Bernardino,Adelanto,45.43973941368078,20.02050910845699,5.175533840028955,4.487875497647483,24.87634214018579,,38.92,7.493182909,Normal,30.87,8.214500429,Normal,4.83,1.033178706,Normal,3.76,0.6179325753,Normal,21.62,1.935013097,ðŸš©Outlier
San Bernardino,Apple Valley,27.94434812026896,43.41565526282404,6.463822049308581,3.359834228443351,18.81634033915507,,,,Normal,,,ðŸš©Outlier,,,ðŸš©Outlier,,,Normal,,,Normal
San Bernardino,Barstow,33.56600645667917,31.1665648721752,7.137248058633627,4.580752115871228,23.54942849664078,,,,Normal,,,Normal,,,ðŸš©Outlier,,,Normal,,,Normal
San Bernardino,Big Bear Lake,25.88034188034188,44.68376068376068,5.777777777777778,3.487179487179496,20.17094017094017,,,,ðŸš©Outlier,,,ðŸš©Outlier,,,Normal,,,Normal,,,Normal
San Bernardino,Chino,38.80170647822737,32.25582138360052,4.232366704880753,3.134808021199422,21.57529741209194,,,,Normal,,,Normal,,,Normal,,,Normal,,,Normal
San Bernardino,Chino Hills,34.83967097340436,34.79476659931011,3.796460718878207,2.690180229828744,23.87892147857857,,,,Normal,,,Normal,,,Normal,,,ðŸš©Outlier,,,Normal
San Bernardino,Colton,46.7849142521391,21.00547170504205,4.329624325217583,4.740920274686939,23.13906944291433,,,,Normal,,,Normal,,,Normal,,,ðŸš©Outlier,,,Normal
San Bernardino,Fontana,46.41795170328427,23.34843827217369,3.98619615200985,3.505406786333523,22.74200708619867,,,,Normal,,,Normal,,,Normal,,,Normal,,,Normal
San Bernardino,Grand Terrace,37.35913767760902,33.31700146986771,5.303772660460559,3.674669279764814,20.34541891229789,,,,Normal,,,Normal,,,Normal,,,Normal,,,Normal
San Bernardino,Hesperia,32.93258065668655,35.88552645682233,5.45750116117046,3.806852692129052,21.91753903319161,,,,Normal,,,Normal,,,Normal,,,Normal,,,Normal
San Bernardino,Highland,39.62317298363119,30.47165972895997,4.616443929767457,3.974836468342151,21.31388688929924,,,,Normal,,,Normal,,,Normal,,,Normal,,,Normal
San Bernardino,Loma Linda,38.00069420340159,29.38562998958695,4.748351266921208,3.526553280111077,24.33877125997918,,,,Normal,,,Normal,,,Normal,,,Normal,,,Normal
San Bernardino,Montclair,47.97137294111456,21.83865705414934,3.794137767720887,3.794137767720887,22.60169446929432,,,,Normal,,,Normal,,,Normal,,,Normal,,,Normal
San Bernardino,Needles,27.81921895568232,40.80737165423432,7.020623080298377,3.598069328652912,20.75471698113208,,,,Normal,,,Normal,,,ðŸš©Outlier,,,Normal,,,Normal
San Bernardino,Ontario,45.4891928578887,24.56928056802757,4.094183982457973,3.550172287772785,22.29717030385298,,,,Normal,,,Normal,,,Normal,,,Normal,,,Normal
San Bernardino,Rancho Cucamonga,36.64498928140368,35.03179549999099,4.921547080758769,2.99670335609159,20.40496478175497,,,,Normal,,,Normal,,,Normal,,,Normal,,,Normal
San Bernardino,Redlands,37.91786653311631,33.50027127415383,4.981010809231668,3.430574683861277,20.17027669963691,,,,Normal,,,Normal,,,Normal,,,Normal,,,Normal
San Bernardino,Rialto,48.7511661063489,19.60114762466337,4.034287927058948,4.266629116575434,23.34676922535335,,,,Normal,,,Normal,,,Normal,,,Normal,,,Normal
San Bernardino,San Bernardino,45.1364629840653,23.01096560871271,4.233061216864994,4.931721806056309,22.68778838430068,,,,Normal,,,Normal,,,Normal,,,ðŸš©Outlier,,,Normal
San Bernardino,Twenty-nine Palms,29.03967797584819,34.72110408280621,6.325474410580793,4.84186313973548,25.07188039102933,,,,Normal,,,Normal,,,Normal,,,ðŸš©Outlier,,,ðŸš©Outlier
San Bernardino,Upland,38.13750324111933,34.17037317749367,4.733031493707243,3.191255958673235,19.76783612900652,,,,Normal,,,Normal,,,Normal,,,Normal,,,Normal
San Bernardino,Victorville,41.05290381907526,26.04241501192563,5.597862007528952,4.455587804247244,22.85123135722291,,,,Normal,,,Normal,,,Normal,,,Normal,,,Normal
San Bernardino,Yucaipa,24.60525951939828,48.92016702154135,5.8844675497055,3.207698476343232,17.38240743301164,,,,ðŸš©Outlier,,,ðŸš©Outlier,,,Normal,,,Normal,,,ðŸš©Outlier
San Bernardino,Yucca Valley,28.41122902084744,40.505757507338,6.668171897343268,3.642658237374885,20.77218333709641,,,,Normal,,,Normal,,,ðŸš©Outlier,,,Normal,,,Normal
San Diego,Carlsbad,37.71615125206285,31.71772978402813,5.225897491090861,2.769606084523215,22.57061538829495,,40.54,5.242210046,Normal,27.78,5.688032534,Normal,4.49,0.5490509943,Normal,3.24,0.6558828956,Normal,23.95,1.319201737,Normal
San Diego,Chula Vista,43.9345235716284,24.23621300964333,3.686046578017323,2.846751585810775,25.29646525490017,,,,Normal,,,Normal,,,Normal,,,Normal,,,Normal
San Diego,Coronado,31.03867883528901,37.23598435462842,5.406345067362016,2.390265102129508,23.92872664059105,,,,ðŸš©Outlier,,,ðŸš©Outlier,,,ðŸš©Outlier,,,Normal,,,Normal
San Diego,Del Mar,42.36111111111111,27.14371980676328,4.861111111111112,2.506038647343001,23.1280193236715,,,,Normal,,,Normal,,,Normal,,,Normal,,,Normal
San Diego,El Cajon,32.26136829168374,34.84227775501844,4.962571226397527,4.22144426650776,23.71233846039254,,,,ðŸš©Outlier,,,Normal,,,Normal,,,Normal,,,Normal
San Diego,Encinitas,43.57707509881423,25.09003074220465,5.085638998682477,2.931488801054023,23.31576635924462,,,,Normal,,,Normal,,,Normal,,,Normal,,,Normal
San Diego,Escondido,37.79643284176963,30.67830809087286,4.519978078915902,3.61075129533679,23.39452969310482,,,,Normal,,,Normal,,,Normal,,,Normal,,,Normal
San Diego,Imperial Beach,37.64186633039092,27.25935266918874,5.016113212834524,4.455653635981502,25.62701415160432,,,,Normal,,,Normal,,,Normal,,,ðŸš©Outlier,,,Normal
San Diego,La Mesa,44.18604651162791,25.42224960213563,4.96432055033626,3.388264284614198,22.039119051286,,,,Normal,,,Normal,,,Normal,,,Normal,,,Normal
San Diego,Lemon Grove,44.48623798435727,23.06406352618067,4.555495850498537,3.737536569347423,24.1566660696161,,,,Normal,,,Normal,,,Normal,,,Normal,,,Normal
San Diego,National City,46.66012132262702,19.71317367369122,3.397734843437708,4.074476664679686,26.15449349556436,,,,Normal,,,Normal,,,ðŸš©Outlier,,,Normal,,,ðŸš©Outlier
San Diego,Oceanside,38.29111042307902,30.59719161491249,5.237947802648114,3.520498297120589,22.35325186223979,,,,Normal,,,Normal,,,Normal,,,Normal,,,Normal
San Diego,Poway,32.92531854648419,36.00460122699386,4.745752713544125,2.560169891458234,23.76415762151959,,,,Normal,,,Normal,,,Normal,,,Normal,,,Normal
San Diego,San Diego,46.04477112625572,21.3999818392101,4.043165330096253,3.250661913000258,25.26141979143767,,,,Normal,,,Normal,,,Normal,,,Normal,,,Normal
San Diego,San Marcos,38.33297390554237,30.25842858169794,4.888217957012436,2.830493853784773,23.68988570196248,,,,Normal,,,Normal,,,Normal,,,Normal,,,Normal
San Diego,Santee,29.82688054503394,41.03515773953276,5.34356966723441,2.923456287973146,20.87093576022574,,,,ðŸš©Outlier,,,ðŸš©Outlier,,,ðŸš©Outlier,,,Normal,,,ðŸš©Outlier
San Diego,Solana Beach,42.40837696335078,27.19371727748691,4.670157068062827,2.450261780104711,23.27748691099477,,,,Normal,,,Normal,,,Normal,,,Normal,,,Normal
San Diego,Vista,38.72437777900777,28.78175679415509,4.867068873268021,4.018376044722427,23.6084205088467,,,,Normal,,,Normal,,,Normal,,,Normal,,,Normal
San Francisco,San Francisco,62.70298466842058,7.682799600834618,2.184636668783453,3.255692642656257,24.17388641930509,,62.7,,,7.68,,,2.18,,,3.27,,,24.17,,
San Joaquin,Escalon,24.66593647316539,52.48630887185104,5.016429353778752,2.782037239868568,15.04928806133626,,41.26,10.16319729,ðŸš©Outlier,30.18,13.67468279,ðŸš©Outlier,4.37,0.7548853368,Normal,3.22,0.2612526569,ðŸš©Outlier,20.97,4.658888557,Normal
San Joaquin,Lathrop,44.73169914568094,22.66458205371601,3.886314143726618,3.283265397286279,25.43413925959015,,,,Normal,,,Normal,,,Normal,,,Normal,,,Normal
San Joaquin,Lodi,31.9370156096496,41.17727322344722,4.832987665102063,3.217443510533801,18.83527999126733,,,,Normal,,,Normal,,,Normal,,,Normal,,,Normal
San Joaquin,Manteca,39.46980854197349,31.35150402485525,4.801581697500353,3.165412472007581,21.21169326366332,,,,Normal,,,Normal,,,Normal,,,Normal,,,Normal
San Joaquin,Ripon,22.30938486558883,52.59734047641825,5.242514110781594,2.736056634459011,17.11470391275232,,,,ðŸš©Outlier,,,ðŸš©Outlier,,,Normal,,,ðŸš©Outlier,,,Normal
San Joaquin,Stockton,48.22909023582415,22.81164926043517,4.109607828346899,3.399186718691066,21.45046595670271,,,,Normal,,,Normal,,,Normal,,,Normal,,,Normal
San Joaquin,Tracy,45.11838672342429,24.88377111246248,4.14892990956706,3.187712105459319,22.66120014908685,,,,Normal,,,Normal,,,Normal,,,Normal,,,Normal
San Joaquin,Mountain House,45.73978652926021,18.85351490614649,2.935222672064777,2.778800147221201,29.69267574530732,,,,Normal,,,Normal,,,ðŸš©Outlier,,,ðŸš©Outlier,,,ðŸš©Outlier
San Luis Obispo,Arroyo Grande,37.24100747130863,36.70954324886389,4.536701840868829,3.519987676191946,17.9927597627667,,38.22,6.520083492,Normal,35.27,7.417744047,Normal,4.78,0.5537028594,Normal,3.62,0.2214847026,Normal,18.11,1.211531428,Normal
San Luis Obispo,Atascadero,34.00536299533221,39.48753600158904,4.737312543450193,3.917966034362898,17.85182242526567,,,,Normal,,,Normal,,,Normal,,,Normal,,,Normal
San Luis Obispo,El Paso de Robles,33.07847741794549,40.84430123969199,4.942384359128392,3.282180110316208,17.85265687291792,,,,Normal,,,Normal,,,Normal,,,ðŸš©Outlier,,,Normal
San Luis Obispo,Grover Beach,37.83062054933876,32.96032553407935,5.633265513733469,3.738555442522888,19.83723296032554,,,,Normal,,,Normal,,,ðŸš©Outlier,,,Normal,,,Normal
San Luis Obispo,Morro Bay,43.91217564870259,28.38073852295409,5.31437125748503,3.817365269461082,18.57534930139721,,,,Normal,,,Normal,,,Normal,,,Normal,,,Normal
San Luis Obispo,Pismo Beach,35.95846645367412,37.39616613418531,5.319488817891374,3.642172523961658,17.68370607028754,,,,Normal,,,Normal,,,Normal,,,Normal,,,Normal
San Luis Obispo,San Luis Obispo,51.54041687849517,19.76953058803593,4.006100660904932,3.853584138281651,20.83036773428233,,,,ðŸš©Outlier,,,ðŸš©Outlier,,,Normal,,,Normal,,,ðŸš©Outlier
San Mateo,Atherton,43.88616290480864,22.8459273797841,3.434739941118744,2.001962708537778,27.83120706575074,,55.3,5.08064779,ðŸš©Outlier,14.89,3.694612501,ðŸš©Outlier,2.96,0.4114467415,Normal,2.73,0.5349068378,Normal,24.12,2.416569724,ðŸš©Outlier
San Mateo,Belmont,54.52445573713691,14.35583530634636,2.991280244846105,2.315643587226432,25.81278512444419,,,,Normal,,,Normal,,,Normal,,,Normal,,,Normal
San Mateo,Brisbane,58.26873385012919,11.88630490956072,3.262273901808785,3.003875968992254,23.57881136950904,,,,Normal,,,Normal,,,Normal,,,Normal,,,Normal
San Mateo,Burlingame,54.26607152018881,16.02277974449746,3.027038120158022,2.590939407931863,24.09317120722385,,,,Normal,,,Normal,,,Normal,,,Normal,,,Normal
San Mateo,Colma,58.3232077764277,12.87970838396112,3.523693803159174,3.037667071688947,22.23572296476306,,,,Normal,,,Normal,,,Normal,,,Normal,,,Normal
San Mateo,Daly City,56.07042698215181,13.27934921902568,2.354995078283157,2.936314841297857,25.35891387924149,,,,Normal,,,Normal,,,Normal,,,Normal,,,Normal
San Mateo,East Palo Alto,60.15145140933951,9.339503575936053,2.541018090029449,4.341607067732433,23.62641985696256,,,,Normal,,,ðŸš©Outlier,,,Normal,,,ðŸš©Outlier,,,Normal
San Mateo,Foster City,49.88610478359909,15.87482373359367,2.771450265755505,2.294175073218355,29.17344614383339,,,,Normal,,,Normal,,,Normal,,,Normal,,,ðŸš©Outlier
San Mateo,Half Moon Bay,54.50383568423658,16.81514476614699,4.021281860925514,2.969561989606532,21.69017569908439,,,,Normal,,,Normal,,,ðŸš©Outlier,,,Normal,,,Normal
San Mateo,Hillsborough,41.77639454153699,24.55111323916687,3.3995690687096,2.046923629399089,28.22599952118746,,,,ðŸš©Outlier,,,ðŸš©Outlier,,,Normal,,,Normal,,,ðŸš©Outlier
San Mateo,Menlo Park,58.36622129237792,12.50059436070562,2.691265275070135,2.510579620560129,23.9313394512862,,,,Normal,,,Normal,,,Normal,,,Normal,,,Normal
San Mateo,Millbrae,47.28851808794365,17.41776653217534,2.803802229364699,2.981604321958557,29.50830882855775,,,,ðŸš©Outlier,,,Normal,,,Normal,,,Normal,,,ðŸš©Outlier
San Mateo,Pacifica,57.36375919531602,15.10659060201171,3.419156282840415,2.968773457438818,21.14172046239304,,,,Normal,,,Normal,,,Normal,,,Normal,,,Normal
San Mateo,Portola Valley,56.12778848801982,15.86339851280639,2.726521619388598,2.423574772789866,22.85871660699532,,,,Normal,,,Normal,,,Normal,,,Normal,,,Normal
San Mateo,Redwood City,56.67214717383576,14.21747244934234,2.928368290081763,2.801724137931036,23.3802879488091,,,,Normal,,,Normal,,,Normal,,,Normal,,,Normal
San Mateo,San Bruno,54.73836414084177,15.88964007972176,3.278752589003088,2.71601078588456,23.37723240454883,,,,Normal,,,Normal,,,Normal,,,Normal,,,Normal
San Mateo,San Carlos,56.71726486026387,15.16527166974039,3.338535016787251,2.085402184707043,22.69352626850144,,,,Normal,,,Normal,,,Normal,,,Normal,,,Normal
San Mateo,San Mateo,55.65953126322024,15.08587866993824,3.155935358321347,2.587359336661308,23.51129537185887,,,,Normal,,,Normal,,,Normal,,,Normal,,,Normal
San Mateo,South San Francisco,56.74986192567656,14.03887120953107,2.748336533150987,2.821976172316756,23.64095415932462,,,,Normal,,,Normal,,,Normal,,,Normal,,,Normal
San Mateo,Woodside,47.92801326071513,21.92753966374615,3.575657115794459,1.989107269713472,24.57968269003078,,,,Normal,,,ðŸš©Outlier,,,Normal,,,Normal,,,Normal
Santa Barbara,Buellton,38.31058020477816,34.27189988623436,4.920364050056883,3.185437997724687,19.31171786120592,,46.39,7.666323344,Normal,25.2,7.353897624,Normal,4.23,0.564078273,Normal,3.37,0.362561639,Normal,20.81,1.767371127,Normal
Santa Barbara,Carpinteria,51.92330594259855,20.18578063594141,4.215791354055019,3.513159461712512,20.16196260569251,,,,Normal,,,Normal,,,Normal,,,Normal,,,Normal
Santa Barbara,Goleta,52.33070332542717,20.4027300450167,3.74655113993901,2.91882472530132,20.6011907643158,,,,Normal,,,Normal,,,Normal,,,Normal,,,Normal
Santa Barbara,Guadalupe,47.71978021978022,21.31868131868132,4.010989010989011,2.857142857142858,24.09340659340659,,,,Normal,,,Normal,,,Normal,,,Normal,,,ðŸš©Outlier
Santa Barbara,Lompoc,40.02528936873845,29.17517751191518,5.160003890672114,3.910125474175668,21.72940375449859,,,,Normal,,,Normal,,,ðŸš©Outlier,,,Normal,,,Normal
Santa Barbara,Santa Barbara,58.072280435058,14.79631539895398,3.778706770182963,3.474672892122268,19.87802450368279,,,,ðŸš©Outlier,,,Normal,,,Normal,,,Normal,,,Normal
Santa Barbara,Santa Maria,41.6338922238322,27.69612916580418,4.268727431633662,3.553439591526939,22.84781158720302,,,,Normal,,,Normal,,,Normal,,,Normal,,,Normal
Santa Barbara,Solvang,37.41513703796831,35.35328136786522,5.003771687201408,3.067638923811927,19.16017098315313,,,,Normal,,,Normal,,,Normal,,,Normal,,,Normal
Santa Clara,Campbell,50.86200434750019,17.75728955850386,3.661644554381231,2.188741473652652,25.53032006596207,,50.2,4.121046907,Normal,17.39,4.409566701,Normal,2.91,0.9107245695,Normal,2.04,0.4145446897,Normal,27.46,4.190058627,Normal
Santa Clara,Cupertino,45.89638597115898,13.68464779538306,1.688327102249125,1.228413743991453,37.50222538721737,,,,Normal,,,Normal,,,Normal,,,ðŸš©Outlier,,,ðŸš©Outlier
Santa Clara,Gilroy,49.77210574293528,21.88372982033111,4.187373187873085,2.473020260534593,21.68377098832593,,,,Normal,,,Normal,,,Normal,,,Normal,,,Normal
Santa Clara,Los Altos,52.45022634377884,15.19360084384477,2.127192018634906,1.164681580450932,29.06429921329056,,,,Normal,,,Normal,,,Normal,,,ðŸš©Outlier,,,Normal
Santa Clara,Los Altos Hills,45.66094100074682,18.89469753547423,2.852875280059746,1.55339805825243,31.03808812546677,,,,Normal,,,Normal,,,Normal,,,Normal,,,Normal
Santa Clara,Los Gatos,48.15483094900546,20.14864458478326,3.870773725136401,2.014864458478321,25.81088628259656,,,,Normal,,,Normal,,,Normal,,,Normal,,,Normal
Santa Clara,Milpitas,46.029890199268,18.09678731191541,2.536600244001626,1.812220414802763,31.5245018300122,,,,Normal,,,Normal,,,Normal,,,Normal,,,Normal
Santa Clara,Monte Sereno,45.05886550124866,24.47377809489833,3.674634320371031,1.748127006778454,25.04459507670353,,,,Normal,,,ðŸš©Outlier,,,Normal,,,Normal,,,Normal
Santa Clara,Morgan Hill,45.58774669413251,25.36048906904113,4.548474981726361,2.146322014751807,22.3569672403482,,,,Normal,,,ðŸš©Outlier,,,ðŸš©Outlier,,,Normal,,,Normal
Santa Clara,Mountain View,56.4161416492962,10.91645783076094,2.171112724547392,1.817457901023495,28.67882989437197,,,,ðŸš©Outlier,,,Normal,,,Normal,,,Normal,,,Normal
Santa Clara,Palo Alto,57.62129962257288,9.908598972306853,1.684780137328907,1.320994952480554,29.46432631531081,,,,ðŸš©Outlier,,,ðŸš©Outlier,,,Normal,,,ðŸš©Outlier,,,Normal
Santa Clara,San Jose,50.19373217300193,17.91067582513534,3.001120554164969,2.232740555329173,26.66173089236859,,,,Normal,,,Normal,,,Normal,,,Normal,,,Normal
Santa Clara,Santa Clara,50.74395283126725,16.23140117921832,2.704689107746582,2.04974929361229,28.27020758815555,,,,Normal,,,Normal,,,Normal,,,Normal,,,Normal
Santa Clara,Saratoga,43.9759293243993,18.6377021894072,2.163800093892706,1.194998079467375,34.02757031283343,,,,ðŸš©Outlier,,,Normal,,,Normal,,,ðŸš©Outlier,,,ðŸš©Outlier
Santa Clara,Sunnyvale,51.64172129908328,14.44219959042868,2.332357509036683,1.750986132299776,29.83273546915158,,,,Normal,,,Normal,,,Normal,,,Normal,,,Normal
Santa Cruz,Capitola,57.99773114010209,15.28644356211004,3.786159954622802,3.786159954622814,19.14350538854226,,58.91,6.210368825,Normal,14.6,5.317930813,Normal,3.38,0.7195783826,Normal,3.68,0.3763157553,Normal,19.43,1.039154248,Normal
Santa Cruz,Santa Cruz,66.4103833824181,8.45213583882822,2.601058145899033,3.609684901873905,18.92673773098074,,,,Normal,,,Normal,,,Normal,,,Normal,,,Normal
Santa Cruz,Scotts Valley,51.31214704905326,21.32654191119477,3.864466836452221,3.089358874986161,20.40748532831359,,,,Normal,,,Normal,,,Normal,,,ðŸš©Outlier,,,Normal
Santa Cruz,Watsonville,59.85432918157135,13.44653708572167,2.560013791320088,3.029780631814848,21.10933930957204,,,,Normal,,,Normal,,,Normal,,,ðŸš©Outlier,,,ðŸš©Outlier
Shasta,Anderson,20.36119546108359,49.68834904906505,6.408822119226467,3.643918810931758,19.89771455969315,,21.54,2.397523167,Normal,51.82,0.6063137218,ðŸš©Outlier,5.7,0.5794415689,Normal,3.19,0.2363939242,ðŸš©Outlier,17.75,0.9753739524,ðŸš©Outlier
Shasta,Redding,23.75180524035486,48.83089196066295,5.589367993948146,3.309607317240911,18.51832748779314,,,,Normal,,,ðŸš©Outlier,,,Normal,,,Normal,,,Normal
Sierra,Loyalton,22.22222222222222,49.14529914529914,5.341880341880342,3.418803418803417,19.87179487179487,,25.52,,,46.53,,,5.49,,,3.83,,,,,
Siskiyou,Dorris,23.26869806094183,50.69252077562327,7.202216066481995,1.662049861495838,17.17451523545706,,27.82,8.274129996,Normal,43.42,10.98560543,Normal,6.23,0.9837411275,Normal,3.4,1.20674614,Normal,,2.64544594,ðŸš©Outlier
Siskiyou,Dunsmuir,40.54600606673407,25.58139534883721,5.864509605662286,5.358948432760364,22.64914054600607,,,,ðŸš©Outlier,,,ðŸš©Outlier,,,Normal,,,ðŸš©Outlier,,,ðŸš©Outlier
Siskiyou,Etna,23.40909090909091,50.45454545454545,5.454545454545454,1.818181818181824,18.86363636363636,,,,Normal,,,Normal,,,Normal,,,Normal,,,ðŸš©Outlier
Siskiyou,Fort Jones,23.62768496420048,49.16467780429594,4.77326968973747,3.102625298329354,19.33174224343675,,,,Normal,,,Normal,,,Normal,,,Normal,,,ðŸš©Outlier
Siskiyou,Montague,19.26829268292683,53.04878048780488,6.707317073170732,3.414634146341463,17.5609756097561,,,,Normal,,,Normal,,,Normal,,,Normal,,,ðŸš©Outlier
Siskiyou,Mt. Shasta,42.73430782459157,26.82717110920034,5.073086844368014,3.783319002579535,21.58211521926053,,,,ðŸš©Outlier,,,ðŸš©Outlier,,,Normal,,,Normal,,,ðŸš©Outlier
Siskiyou,Tulelake,28.46441947565543,35.95505617977528,6.367041198501873,4.494382022471907,24.7191011235955,,,,Normal,,,Normal,,,Normal,,,Normal,,,ðŸš©Outlier
Siskiyou,Weed,33.28402366863905,31.73076923076923,7.470414201183432,4.363905325443795,23.1508875739645,,,,Normal,,,Normal,,,Normal,,,Normal,,,ðŸš©Outlier
Siskiyou,Yreka,24.54865697930427,45.50858652575958,7.133421400264201,3.58872743284897,19.22060766182299,,,,Normal,,,Normal,,,Normal,,,Normal,,,ðŸš©Outlier
Solano,Benicia,51.64755054432349,21.54451788491446,4.655909797822706,2.595256609642298,19.55676516329705,,47.43,7.164672247,Normal,23.75,7.557379344,Normal,4.4,0.6751917478,Normal,2.78,0.3482150845,Normal,21.64,2.832583953,Normal
Solano,Dixon,37.2794868056568,34.400058317539,4.774748505613063,2.689896486368276,20.85580988482286,,,,Normal,,,Normal,,,Normal,,,Normal,,,Normal
Solano,Fairfield,48.61270918597707,21.63591080557538,4.242706709972473,2.605630725760644,22.90304257271443,,,,Normal,,,Normal,,,Normal,,,Normal,,,Normal
Solano,Rio Vista,46.93352919573999,30.35867303219488,5.69225119353654,1.921899865344596,15.09364671318399,,,,Normal,,,Normal,,,ðŸš©Outlier,,,ðŸš©Outlier,,,ðŸš©Outlier
Solano,Suisun City,50.52607761058944,18.97839122072633,4.174680393709695,2.777463513972162,23.54338726100238,,,,Normal,,,Normal,,,Normal,,,Normal,,,Normal
Solano,Vacaville,38.1604822850511,32.36725877687869,5.100099938747219,2.990102840194723,21.38205615912828,,,,Normal,,,Normal,,,Normal,,,Normal,,,Normal
Solano,Vallejo,56.94514696790873,14.4143764401731,3.625021075703928,2.89439667284887,22.12105884336537,,,,Normal,,,Normal,,,Normal,,,Normal,,,Normal
Sonoma,Cloverdale,50.27173913043478,24.09420289855072,4.257246376811595,3.623188405797105,17.7536231884058,,55.95,5.372555935,Normal,18.6,4.410951043,Normal,3.85,0.5059187706,Normal,3.95,0.5802646292,Normal,17.65,0.9908602014,Normal
Sonoma,Cotati,55.81943081452404,17.93915603532875,4.533856722276742,4.278704612365068,17.4288518155054,,,,Normal,,,Normal,,,Normal,,,Normal,,,Normal
Sonoma,Healdsburg,60.51227321237994,15.88847385272145,3.281750266808964,3.388473852721447,16.9290288153682,,,,Normal,,,Normal,,,Normal,,,Normal,,,Normal
Sonoma,Petaluma,57.71703391078177,17.36762035628405,3.820483878883055,3.221769642243704,17.87309221180743,,,,Normal,,,Normal,,,Normal,,,Normal,,,Normal
Sonoma,Rohnert Park,52.69627279936559,20.56809170211232,3.932665272871458,4.192199553024295,18.61077067262634,,,,Normal,,,Normal,,,Normal,,,Normal,,,Normal
Sonoma,Santa Rosa,56.86030052775148,17.11958304821005,3.731756015710683,4.012973499939061,18.27538690838872,,,,Normal,,,Normal,,,Normal,,,Normal,,,Normal
Sonoma,Sebastopol,67.38824357620557,9.55649419218585,2.99190425906371,4.857444561774017,15.20591341077085,,,,ðŸš©Outlier,,,ðŸš©Outlier,,,ðŸš©Outlier,,,ðŸš©Outlier,,,ðŸš©Outlier
Sonoma,Sonoma,58.60914359304572,16.87057308435287,4.043786220218931,3.12942691564713,17.34707018673535,,,,Normal,,,Normal,,,Normal,,,Normal,,,Normal
Sonoma,Windsor,50.4302130854074,23.82052318530923,4.406074955246289,3.395507304960447,17.94768146907663,,,,Normal,,,Normal,,,Normal,,,Normal,,,Normal
Stanislaus,Ceres,43.71189334200471,27.6115762946102,4.060645475977563,3.967157141695797,20.64872774571173,,36.46,7.862192106,Normal,36.0,9.516390587,Normal,4.44,0.5498644787,Normal,3.85,0.3733715438,Normal,19.25,1.914312466,Normal
Stanislaus,Hughson,28.40223944875108,48.06201550387597,4.392764857881136,3.05770887166236,16.08527131782946,,,,Normal,,,Normal,,,Normal,,,ðŸš©Outlier,,,ðŸš©Outlier
Stanislaus,Modesto,38.80540294931637,32.94477260522946,4.580940972365649,4.080300714610274,19.58858275847825,,,,Normal,,,Normal,,,Normal,,,Normal,,,Normal
Stanislaus,Newman,41.79328769410586,29.43730171981967,3.890465854065787,4.090833194189347,20.78811153781933,,,,Normal,,,Normal,,,Normal,,,Normal,,,Normal
Stanislaus,Oakdale,24.99478406008763,49.47492871548786,5.667988038111135,3.310383197718899,16.55191598859448,,,,Normal,,,Normal,,,ðŸš©Outlier,,,Normal,,,Normal
Stanislaus,Patterson,48.07499421340946,22.47511766067433,3.772857032636371,3.965743383998145,21.71128770928169,,,,Normal,,,Normal,,,Normal,,,Normal,,,Normal
Stanislaus,Riverbank,36.54078657278998,34.82682597254818,4.480477917644548,3.669724770642208,20.48218476637508,,,,Normal,,,Normal,,,Normal,,,Normal,,,Normal
Stanislaus,Turlock,33.98842507080409,38.81295406969585,4.339367073020564,3.770471616795966,19.08878216968354,,,,Normal,,,Normal,,,Normal,,,Normal,,,Normal
Stanislaus,Waterford,27.96072816526897,45.2239721824504,4.397627326651667,3.374923297197785,19.04274902843117,,,,Normal,,,Normal,,,Normal,,,Normal,,,Normal
Sutter,Live Oak,36.88294891140332,33.32614787669756,3.362793705539987,9.118344470791122,17.30976503556801,,29.3,3.762366322,ðŸš©Outlier,42.25,3.772958916,ðŸš©Outlier,4.44,0.7948318909,Normal,9.03,0.2492055232,Normal,14.98,1.054630008,ðŸš©Outlier
Sutter,Yuba City,31.56215943223199,38.66191754605141,4.486855745461312,9.470774301586886,15.8182929746684,,,,Normal,,,Normal,,,Normal,,,ðŸš©Outlier,,,Normal
Tehama,Corning,29.46717692081248,38.44568737120989,5.328230791875184,2.884898439799827,23.87400647630262,,22.36,3.381525706,ðŸš©Outlier,50.29,4.861507702,ðŸš©Outlier,5.88,0.5961152502,Normal,2.92,0.826206094,Normal,18.55,6.415462134,Normal
Tehama,Red Bluff,24.60156842904123,41.82899064002024,6.412850999241082,3.617505691879586,23.53908423981786,,,,Normal,,,ðŸš©Outlier,,,Normal,,,Normal,,,Normal
Tehama,Tehama,31.10236220472441,48.03149606299213,6.299212598425196,1.968503937007871,12.59842519685039,,,,ðŸš©Outlier,,,Normal,,,Normal,,,Normal,,,Normal
Trinity,Trinity,29.56,38.62,6.34,4.830000000000002,20.65,,29.56,,,38.62,,,6.34,,,4.83,,,20.65,,
Tulare,Dinuba,40.72003789673141,29.18995736617716,3.571766935101847,3.657034580767405,22.86120322122217,,31.56,6.800274424,Normal,38.62,9.601110328,Normal,4.56,0.5919183784,ðŸš©Outlier,4.14,0.6846518313,Normal,21.12,3.960977557,Normal
Tulare,Exeter,23.5431654676259,47.82374100719424,5.323741007194244,4.946043165467628,18.36330935251799,,,,Normal,,,Normal,,,Normal,,,Normal,,,Normal
Tulare,Farmersville,37.77671982861224,22.39942870745061,3.88002856462747,5.712925493930019,30.23089740537967,,,,Normal,,,ðŸš©Outlier,,,Normal,,,ðŸš©Outlier,,,ðŸš©Outlier
Tulare,Lindsay,41.73281923338625,22.4767520979814,3.878430483102745,4.490814243592652,27.42118394193695,,,,Normal,,,ðŸš©Outlier,,,Normal,,,Normal,,,ðŸš©Outlier
Tulare,Porterville,33.56683074592957,34.0780007572889,4.649753881105642,3.983339644074221,23.72207497160167,,,,Normal,,,Normal,,,Normal,,,Normal,,,Normal
Tulare,Tulare,31.08973395460695,39.44385991282128,4.656545919134225,3.694573876446722,21.11528633699083,,,,Normal,,,Normal,,,Normal,,,Normal,,,Normal
Tulare,Visalia,30.03536265805073,41.05884448062686,4.880810033836212,4.556440328694634,19.46854249879156,,,,Normal,,,Normal,,,Normal,,,Normal,,,Normal
Tulare,Woodlake,43.06142346441339,23.95190120246994,4.289892752681182,4.549886252843685,24.14689632759181,,,,ðŸš©Outlier,,,ðŸš©Outlier,,,Normal,,,Normal,,,Normal
Tuolumne,Sonora,34.38722294654498,35.85397653194264,5.671447196870925,3.846153846153843,20.24119947848762,,27.99,,,46.34,,,5.79,,,2.84,,,17.04,,
Ventura,Camarillo,37.87642520099638,35.00678426051561,4.641649284108629,3.165313189817525,19.30982806456186,,42.61,6.874178629,Normal,29.45,7.053185229,Normal,4.25,0.479045529,Normal,3.48,0.3730948195,Normal,20.21,1.133134508,Normal
Ventura,Fillmore,44.88051091882983,26.74083230325505,3.708281829419036,3.790688092295017,20.87968685620107,,,,Normal,,,Normal,,,Normal,,,Normal,,,Normal
Ventura,Moorpark,39.01670604816979,33.83907474194751,4.481200514032251,2.922522074368867,19.74049662148157,,,,Normal,,,Normal,,,Normal,,,Normal,,,Normal
Ventura,Ojai,53.61512791991101,20.18909899888765,4.097144975899147,4.022988505747129,18.07563959955506,,,,ðŸš©Outlier,,,Normal,,,Normal,,,Normal,,,ðŸš©Outlier
Ventura,Oxnard,52.98031269846069,18.32642816100644,3.372949869456961,3.62697956673825,21.69332970433766,,,,ðŸš©Outlier,,,ðŸš©Outlier,,,ðŸš©Outlier,,,Normal,,,Normal
Ventura,Port Hueneme,48.84996461429583,21.40835102618542,4.069355980184006,3.954352441613583,21.71797593772116,,,,Normal,,,Normal,,,Normal,,,Normal,,,Normal
Ventura,San Buenaventura,45.46281799081992,26.74267667643556,4.531160089392054,3.789794853265885,19.47355039008658,,,,Normal,,,Normal,,,Normal,,,Normal,,,Normal
Ventura,Santa Paula,50.07867344468652,22.37351730815783,3.473735173081578,3.552408617768098,20.52166545630598,,,,Normal,,,Normal,,,ðŸš©Outlier,,,Normal,,,Normal
Ventura,Simi Valley,34.01874175817764,38.37159094887445,4.484718348484671,3.372582885017092,19.75236605944615,,,,Normal,,,Normal,,,Normal,,,Normal,,,Normal
Ventura,Thousand Oaks,38.55121675155631,33.06508205998868,4.587436332767402,3.132993774759477,20.66327108092813,,,,Normal,,,Normal,,,Normal,,,Normal,,,Normal
Yolo,Davis,62.91202967673556,9.864864864864865,2.501324854266031,2.22310545839958,22.49867514573397,,50.43,9.108558726,Normal,20.77,8.044653769,Normal,3.86,1.061840113,Normal,2.43,0.237072337,Normal,22.51,0.8696911652,Normal
Yolo,West Sacramento,45.46766280822138,23.1442588257928,4.915509667489659,2.73190752557155,23.74066117292461,,,,Normal,,,Normal,,,Normal,,,Normal,,,Normal
Yolo,Winters,43.17244224422442,27.76402640264026,4.496699669966997,2.640264026402644,21.92656765676568,,,,Normal,,,Normal,,,Normal,,,Normal,,,Normal
Yolo,Woodland,45.92427744015521,25.60700733259151,4.239778595680333,2.362406916031844,21.8665297155411,,,,Normal,,,Normal,,,Normal,,,Normal,,,Normal
Yuba,Marysville,28.15047021943574,39.34169278996865,5.924764890282132,4.247648902821318,22.33542319749216,,27.57,4.692612041,Normal,41.37,6.236065513,Normal,5.74,1.042785821,Normal,4.14,0.2513293207,Normal,21.18,2.334909972,Normal
Yuba,Wheatland,21.51411462788708,48.16082121471343,7.399486740804107,3.892215568862277,19.0333618477331,,,,Normal,,,Normal,,,ðŸš©Outlier,,,Normal,,,Normal
